<?xml version="1.0" encoding="utf-8"?>
<Messages>
	<Message severity="INFO" prefix="[HLS 200-111]" key="HLS_111_966" tag="RUNTIME" content="Finished File checks and directory preparation: CPU user time: 0 seconds. CPU system time: 0 seconds. Elapsed time: 0.013 seconds; current allocated memory: 1.439 GB." resolution=""/>
	<Message severity="INFO" prefix="[HLS 200-10]" key="HLS_10_1312" tag="" content="Analyzing design file &apos;RSA_Simple/RSA.cpp&apos; ..." resolution=""/>
	<Message severity="INFO" prefix="[HLS 200-111]" key="HLS_111_966" tag="RUNTIME" content="Finished Source Code Analysis and Preprocessing: CPU user time: 1 seconds. CPU system time: 0 seconds. Elapsed time: 23.578 seconds; current allocated memory: 1.439 GB." resolution=""/>
	<Message severity="INFO" prefix="[HLS 200-777]" key="HLS 200-777" tag="" content="Using interface defaults for &apos;Vivado&apos; flow target." resolution=""/>
	<Message severity="INFO" prefix="[HLS 214-131]" key="HLS 214-131" tag="" content="Inlining function &apos;hls::axis&lt;ap_int&lt;32&gt;, 1ul, 1ul, 1ul&gt;::get_user_ptr()&apos; into &apos;hls::stream&lt;hls::axis&lt;ap_int&lt;32&gt;, 1ul, 1ul, 1ul&gt;, 0&gt;::read(hls::axis&lt;ap_int&lt;32&gt;, 1ul, 1ul, 1ul&gt;&amp;)&apos; (C:/Xilinx/Vitis_HLS/2022.1/common/technology/autopilot\ap_axi_sdata.h:283:50)" resolution=""/>
	<Message severity="INFO" prefix="[HLS 214-131]" key="HLS 214-131" tag="" content="Inlining function &apos;hls::axis&lt;ap_int&lt;32&gt;, 1ul, 1ul, 1ul&gt;::get_dest_ptr()&apos; into &apos;hls::stream&lt;hls::axis&lt;ap_int&lt;32&gt;, 1ul, 1ul, 1ul&gt;, 0&gt;::read(hls::axis&lt;ap_int&lt;32&gt;, 1ul, 1ul, 1ul&gt;&amp;)&apos; (C:/Xilinx/Vitis_HLS/2022.1/common/technology/autopilot\ap_axi_sdata.h:286:25)" resolution=""/>
	<Message severity="INFO" prefix="[HLS 214-131]" key="HLS 214-131" tag="" content="Inlining function &apos;hls::axis&lt;ap_int&lt;32&gt;, 1ul, 1ul, 1ul&gt;::get_id_ptr()&apos; into &apos;hls::stream&lt;hls::axis&lt;ap_int&lt;32&gt;, 1ul, 1ul, 1ul&gt;, 0&gt;::read(hls::axis&lt;ap_int&lt;32&gt;, 1ul, 1ul, 1ul&gt;&amp;)&apos; (C:/Xilinx/Vitis_HLS/2022.1/common/technology/autopilot\ap_axi_sdata.h:285:67)" resolution=""/>
	<Message severity="INFO" prefix="[HLS 214-131]" key="HLS 214-131" tag="" content="Inlining function &apos;hls::axis&lt;ap_int&lt;32&gt;, 1ul, 1ul, 1ul&gt;::get_user_ptr()&apos; into &apos;hls::stream&lt;hls::axis&lt;ap_int&lt;32&gt;, 1ul, 1ul, 1ul&gt;, 0&gt;::read(hls::axis&lt;ap_int&lt;32&gt;, 1ul, 1ul, 1ul&gt;&amp;)&apos; (C:/Xilinx/Vitis_HLS/2022.1/common/technology/autopilot\ap_axi_sdata.h:285:36)" resolution=""/>
	<Message severity="INFO" prefix="[HLS 214-131]" key="HLS 214-131" tag="" content="Inlining function &apos;hls::axis&lt;ap_int&lt;32&gt;, 1ul, 1ul, 1ul&gt;::get_dest_ptr()&apos; into &apos;hls::stream&lt;hls::axis&lt;ap_int&lt;32&gt;, 1ul, 1ul, 1ul&gt;, 0&gt;::read(hls::axis&lt;ap_int&lt;32&gt;, 1ul, 1ul, 1ul&gt;&amp;)&apos; (C:/Xilinx/Vitis_HLS/2022.1/common/technology/autopilot\ap_axi_sdata.h:284:39)" resolution=""/>
	<Message severity="INFO" prefix="[HLS 214-131]" key="HLS 214-131" tag="" content="Inlining function &apos;hls::axis&lt;ap_int&lt;32&gt;, 1ul, 1ul, 1ul&gt;::get_id_ptr()&apos; into &apos;hls::stream&lt;hls::axis&lt;ap_int&lt;32&gt;, 1ul, 1ul, 1ul&gt;, 0&gt;::read(hls::axis&lt;ap_int&lt;32&gt;, 1ul, 1ul, 1ul&gt;&amp;)&apos; (C:/Xilinx/Vitis_HLS/2022.1/common/technology/autopilot\ap_axi_sdata.h:284:23)" resolution=""/>
	<Message severity="INFO" prefix="[HLS 214-131]" key="HLS 214-131" tag="" content="Inlining function &apos;ssdm_int&lt;64, false&gt;::ssdm_int(unsigned long)&apos; into &apos;ap_int_base&lt;64, false&gt;::ap_int_base(int)&apos; (C:/Xilinx/Vitis_HLS/2022.1/common/technology/autopilot\ap_int_base.h:260:67)" resolution=""/>
	<Message severity="INFO" prefix="[HLS 214-131]" key="HLS 214-131" tag="" content="Inlining function &apos;ap_int_base&lt;64, false&gt;::ap_int_base(int)&apos; into &apos;ap_uint&lt;64&gt;::ap_uint(int)&apos; (C:/Xilinx/Vitis_HLS/2022.1/common/technology/autopilot\ap_int.h:333:58)" resolution=""/>
	<Message severity="INFO" prefix="[HLS 214-131]" key="HLS 214-131" tag="" content="Inlining function &apos;ap_int_base&lt;64, false&gt;::ap_int_base(int)&apos; into &apos;ap_int_base&lt;64, false&gt;::RType&lt;64, false&gt;::mod operator%&lt;64, false, 64, false&gt;(ap_int_base&lt;64, false&gt; const&amp;, ap_int_base&lt;64, false&gt; const&amp;)&apos; (C:/Xilinx/Vitis_HLS/2022.1/common/technology/autopilot\ap_int_base.h:1560:337)" resolution=""/>
	<Message severity="INFO" prefix="[HLS 214-131]" key="HLS 214-131" tag="" content="Inlining function &apos;ap_uint&lt;64&gt;::ap_uint&lt;64, false&gt;(ap_int_base&lt;64, false&gt; const&amp;)&apos; into &apos;ap_int_base&lt;64, false&gt;::RType&lt;64, false&gt;::mod operator%&lt;64, false, 64, false&gt;(ap_int_base&lt;64, false&gt; const&amp;, ap_int_base&lt;64, false&gt; const&amp;)&apos; (C:/Xilinx/Vitis_HLS/2022.1/common/technology/autopilot\ap_int_base.h:1560:374)" resolution=""/>
	<Message severity="INFO" prefix="[HLS 214-131]" key="HLS 214-131" tag="" content="Inlining function &apos;ssdm_int&lt;32, true&gt;::ssdm_int(int)&apos; into &apos;ap_int_base&lt;32, true&gt;::ap_int_base(int)&apos; (C:/Xilinx/Vitis_HLS/2022.1/common/technology/autopilot\ap_int_base.h:260:67)" resolution=""/>
	<Message severity="INFO" prefix="[HLS 214-131]" key="HLS 214-131" tag="" content="Inlining function &apos;ap_int_base&lt;32, true&gt;::ap_int_base(int)&apos; into &apos;bool operator&gt;&lt;64, false&gt;(ap_int_base&lt;64, false&gt; const&amp;, int)&apos; (C:/Xilinx/Vitis_HLS/2022.1/common/technology/autopilot\ap_int_base.h:1834:337)" resolution=""/>
	<Message severity="INFO" prefix="[HLS 214-131]" key="HLS 214-131" tag="" content="Inlining function &apos;bool ap_int_base&lt;64, false&gt;::operator&gt;&lt;32, true&gt;(ap_int_base&lt;32, true&gt; const&amp;) const&apos; into &apos;bool operator&gt;&lt;64, false&gt;(ap_int_base&lt;64, false&gt; const&amp;, int)&apos; (C:/Xilinx/Vitis_HLS/2022.1/common/technology/autopilot\ap_int_base.h:1834:335)" resolution=""/>
	<Message severity="INFO" prefix="[HLS 214-131]" key="HLS 214-131" tag="" content="Inlining function &apos;_ZN8ssdm_intILi65ELb1EEC2EDq65_i&apos; into &apos;ap_int_base&lt;65, true&gt;::ap_int_base&lt;64, false&gt;(ap_int_base&lt;64, false&gt; const&amp;)&apos; (C:/Xilinx/Vitis_HLS/2022.1/common/technology/autopilot\ap_int_base.h:231:106)" resolution=""/>
	<Message severity="INFO" prefix="[HLS 214-131]" key="HLS 214-131" tag="" content="Inlining function &apos;_ZN8ssdm_intILi65ELb1EEC2EDq65_i&apos; into &apos;ap_int_base&lt;65, true&gt;::ap_int_base&lt;32, true&gt;(ap_int_base&lt;32, true&gt; const&amp;)&apos; (C:/Xilinx/Vitis_HLS/2022.1/common/technology/autopilot\ap_int_base.h:231:106)" resolution=""/>
	<Message severity="INFO" prefix="[HLS 214-131]" key="HLS 214-131" tag="" content="Inlining function &apos;_ZN8ssdm_intILi65ELb1EEC2EDq65_i&apos; into &apos;ap_int_base&lt;65, true&gt;::ap_int_base(int)&apos; (C:/Xilinx/Vitis_HLS/2022.1/common/technology/autopilot\ap_int_base.h:260:67)" resolution=""/>
	<Message severity="INFO" prefix="[HLS 214-131]" key="HLS 214-131" tag="" content="Inlining function &apos;ap_int_base&lt;65, true&gt;::ap_int_base&lt;64, false&gt;(ap_int_base&lt;64, false&gt; const&amp;)&apos; into &apos;ap_int_base&lt;64, false&gt;::RType&lt;32, true&gt;::logic operator&amp;&lt;64, false, 32, true&gt;(ap_int_base&lt;64, false&gt; const&amp;, ap_int_base&lt;32, true&gt; const&amp;)&apos; (C:/Xilinx/Vitis_HLS/2022.1/common/technology/autopilot\ap_int_base.h:1543:341)" resolution=""/>
	<Message severity="INFO" prefix="[HLS 214-131]" key="HLS 214-131" tag="" content="Inlining function &apos;ap_int&lt;65&gt;::ap_int&lt;65, true&gt;(ap_int_base&lt;65, true&gt; const&amp;)&apos; into &apos;ap_int_base&lt;64, false&gt;::RType&lt;32, true&gt;::logic operator&amp;&lt;64, false, 32, true&gt;(ap_int_base&lt;64, false&gt; const&amp;, ap_int_base&lt;32, true&gt; const&amp;)&apos; (C:/Xilinx/Vitis_HLS/2022.1/common/technology/autopilot\ap_int_base.h:1543:558)" resolution=""/>
	<Message severity="INFO" prefix="[HLS 214-131]" key="HLS 214-131" tag="" content="Inlining function &apos;ap_int_base&lt;65, true&gt;::ap_int_base(int)&apos; into &apos;ap_int_base&lt;64, false&gt;::RType&lt;32, true&gt;::logic operator&amp;&lt;64, false, 32, true&gt;(ap_int_base&lt;64, false&gt; const&amp;, ap_int_base&lt;32, true&gt; const&amp;)&apos; (C:/Xilinx/Vitis_HLS/2022.1/common/technology/autopilot\ap_int_base.h:1543:520)" resolution=""/>
	<Message severity="INFO" prefix="[HLS 214-131]" key="HLS 214-131" tag="" content="Inlining function &apos;ap_int_base&lt;65, true&gt;::ap_int_base&lt;32, true&gt;(ap_int_base&lt;32, true&gt; const&amp;)&apos; into &apos;ap_int_base&lt;64, false&gt;::RType&lt;32, true&gt;::logic operator&amp;&lt;64, false, 32, true&gt;(ap_int_base&lt;64, false&gt; const&amp;, ap_int_base&lt;32, true&gt; const&amp;)&apos; (C:/Xilinx/Vitis_HLS/2022.1/common/technology/autopilot\ap_int_base.h:1543:430)" resolution=""/>
	<Message severity="INFO" prefix="[HLS 214-131]" key="HLS 214-131" tag="" content="Inlining function &apos;ap_int_base&lt;32, true&gt;::ap_int_base(int)&apos; into &apos;ap_int_base&lt;64, false&gt;::RType&lt;($_0)32, true&gt;::logic operator&amp;&lt;64, false&gt;(ap_int_base&lt;64, false&gt; const&amp;, int)&apos; (C:/Xilinx/Vitis_HLS/2022.1/common/technology/autopilot\ap_int_base.h:1679:3098)" resolution=""/>
	<Message severity="INFO" prefix="[HLS 214-131]" key="HLS 214-131" tag="" content="Inlining function &apos;ap_int_base&lt;64, false&gt;::RType&lt;32, true&gt;::logic operator&amp;&lt;64, false, 32, true&gt;(ap_int_base&lt;64, false&gt; const&amp;, ap_int_base&lt;32, true&gt; const&amp;)&apos; into &apos;ap_int_base&lt;64, false&gt;::RType&lt;($_0)32, true&gt;::logic operator&amp;&lt;64, false&gt;(ap_int_base&lt;64, false&gt; const&amp;, int)&apos; (C:/Xilinx/Vitis_HLS/2022.1/common/technology/autopilot\ap_int_base.h:1679:3096)" resolution=""/>
	<Message severity="INFO" prefix="[HLS 214-131]" key="HLS 214-131" tag="" content="Inlining function &apos;ssdm_int&lt;128, false&gt;::ssdm_int(unsigned __int128)&apos; into &apos;ap_int_base&lt;128, false&gt;::ap_int_base&lt;64, false&gt;(ap_int_base&lt;64, false&gt; const&amp;)&apos; (C:/Xilinx/Vitis_HLS/2022.1/common/technology/autopilot\ap_int_base.h:231:106)" resolution=""/>
	<Message severity="INFO" prefix="[HLS 214-131]" key="HLS 214-131" tag="" content="Inlining function &apos;ssdm_int&lt;128, false&gt;::ssdm_int(unsigned __int128)&apos; into &apos;ap_int_base&lt;128, false&gt;::ap_int_base(int)&apos; (C:/Xilinx/Vitis_HLS/2022.1/common/technology/autopilot\ap_int_base.h:260:67)" resolution=""/>
	<Message severity="INFO" prefix="[HLS 214-131]" key="HLS 214-131" tag="" content="Inlining function &apos;ap_int_base&lt;128, false&gt;::ap_int_base&lt;64, false&gt;(ap_int_base&lt;64, false&gt; const&amp;)&apos; into &apos;ap_int_base&lt;64, false&gt;::RType&lt;64, false&gt;::mult operator*&lt;64, false, 64, false&gt;(ap_int_base&lt;64, false&gt; const&amp;, ap_int_base&lt;64, false&gt; const&amp;)&apos; (C:/Xilinx/Vitis_HLS/2022.1/common/technology/autopilot\ap_int_base.h:1540:339)" resolution=""/>
	<Message severity="INFO" prefix="[HLS 214-131]" key="HLS 214-131" tag="" content="Inlining function &apos;ap_uint&lt;128&gt;::ap_uint&lt;128, false&gt;(ap_int_base&lt;128, false&gt; const&amp;)&apos; into &apos;ap_int_base&lt;64, false&gt;::RType&lt;64, false&gt;::mult operator*&lt;64, false, 64, false&gt;(ap_int_base&lt;64, false&gt; const&amp;, ap_int_base&lt;64, false&gt; const&amp;)&apos; (C:/Xilinx/Vitis_HLS/2022.1/common/technology/autopilot\ap_int_base.h:1540:554)" resolution=""/>
	<Message severity="INFO" prefix="[HLS 214-131]" key="HLS 214-131" tag="" content="Inlining function &apos;ap_int_base&lt;128, false&gt;::ap_int_base(int)&apos; into &apos;ap_int_base&lt;64, false&gt;::RType&lt;64, false&gt;::mult operator*&lt;64, false, 64, false&gt;(ap_int_base&lt;64, false&gt; const&amp;, ap_int_base&lt;64, false&gt; const&amp;)&apos; (C:/Xilinx/Vitis_HLS/2022.1/common/technology/autopilot\ap_int_base.h:1540:516)" resolution=""/>
	<Message severity="INFO" prefix="[HLS 214-131]" key="HLS 214-131" tag="" content="Inlining function &apos;ap_int_base&lt;128, false&gt;::ap_int_base&lt;64, false&gt;(ap_int_base&lt;64, false&gt; const&amp;)&apos; into &apos;ap_int_base&lt;64, false&gt;::RType&lt;64, false&gt;::mult operator*&lt;64, false, 64, false&gt;(ap_int_base&lt;64, false&gt; const&amp;, ap_int_base&lt;64, false&gt; const&amp;)&apos; (C:/Xilinx/Vitis_HLS/2022.1/common/technology/autopilot\ap_int_base.h:1540:427)" resolution=""/>
	<Message severity="INFO" prefix="[HLS 214-131]" key="HLS 214-131" tag="" content="Inlining function &apos;ap_int_base&lt;64, false&gt;::ap_int_base(int)&apos; into &apos;ap_int_base&lt;128, false&gt;::RType&lt;64, false&gt;::mod operator%&lt;128, false, 64, false&gt;(ap_int_base&lt;128, false&gt; const&amp;, ap_int_base&lt;64, false&gt; const&amp;)&apos; (C:/Xilinx/Vitis_HLS/2022.1/common/technology/autopilot\ap_int_base.h:1560:337)" resolution=""/>
	<Message severity="INFO" prefix="[HLS 214-131]" key="HLS 214-131" tag="" content="Inlining function &apos;ap_uint&lt;64&gt;::ap_uint&lt;64, false&gt;(ap_int_base&lt;64, false&gt; const&amp;)&apos; into &apos;ap_int_base&lt;128, false&gt;::RType&lt;64, false&gt;::mod operator%&lt;128, false, 64, false&gt;(ap_int_base&lt;128, false&gt; const&amp;, ap_int_base&lt;64, false&gt; const&amp;)&apos; (C:/Xilinx/Vitis_HLS/2022.1/common/technology/autopilot\ap_int_base.h:1560:374)" resolution=""/>
	<Message severity="INFO" prefix="[HLS 214-131]" key="HLS 214-131" tag="" content="Inlining function &apos;ap_int_base&lt;64, false&gt;::ap_int_base(int)&apos; into &apos;ap_int_base&lt;64, false&gt;::RType&lt;64, false&gt;::arg1 operator&gt;&gt;&lt;64, false&gt;(ap_int_base&lt;64, false&gt; const&amp;, int)&apos; (C:/Xilinx/Vitis_HLS/2022.1/common/technology/autopilot\ap_int_base.h:1715:558)" resolution=""/>
	<Message severity="INFO" prefix="[HLS 214-131]" key="HLS 214-131" tag="" content="Inlining function &apos;ap_uint&lt;64&gt;::ap_uint&lt;64, false&gt;(ap_int_base&lt;64, false&gt; const&amp;)&apos; into &apos;ap_int_base&lt;64, false&gt;::RType&lt;64, false&gt;::arg1 operator&gt;&gt;&lt;64, false&gt;(ap_int_base&lt;64, false&gt; const&amp;, int)&apos; (C:/Xilinx/Vitis_HLS/2022.1/common/technology/autopilot\ap_int_base.h:1715:656)" resolution=""/>
	<Message severity="INFO" prefix="[HLS 214-131]" key="HLS 214-131" tag="" content="Inlining function &apos;ssdm_int&lt;32, true&gt;::ssdm_int(int)&apos; into &apos;ap_int_base&lt;32, true&gt;::ap_int_base&lt;64, false&gt;(ap_int_base&lt;64, false&gt; const&amp;)&apos; (C:/Xilinx/Vitis_HLS/2022.1/common/technology/autopilot\ap_int_base.h:231:106)" resolution=""/>
	<Message severity="INFO" prefix="[HLS 214-131]" key="HLS 214-131" tag="" content="Inlining function &apos;ap_int_base&lt;32, true&gt;::ap_int_base&lt;64, false&gt;(ap_int_base&lt;64, false&gt; const&amp;)&apos; into &apos;ap_int&lt;32&gt;::ap_int&lt;64&gt;(ap_uint&lt;64&gt; const&amp;)&apos; (C:/Xilinx/Vitis_HLS/2022.1/common/technology/autopilot\ap_int.h:85:90)" resolution=""/>
	<Message severity="INFO" prefix="[HLS 214-131]" key="HLS 214-131" tag="" content="Inlining function &apos;hls::axis&lt;ap_int&lt;32&gt;, 1ul, 1ul, 1ul&gt;::get_user_ptr()&apos; into &apos;hls::stream&lt;hls::axis&lt;ap_int&lt;32&gt;, 1ul, 1ul, 1ul&gt;, 0&gt;::write(hls::axis&lt;ap_int&lt;32&gt;, 1ul, 1ul, 1ul&gt; const&amp;)&apos; (C:/Xilinx/Vitis_HLS/2022.1/common/technology/autopilot\ap_axi_sdata.h:304:51)" resolution=""/>
	<Message severity="INFO" prefix="[HLS 214-131]" key="HLS 214-131" tag="" content="Inlining function &apos;hls::axis&lt;ap_int&lt;32&gt;, 1ul, 1ul, 1ul&gt;::get_dest_ptr()&apos; into &apos;hls::stream&lt;hls::axis&lt;ap_int&lt;32&gt;, 1ul, 1ul, 1ul&gt;, 0&gt;::write(hls::axis&lt;ap_int&lt;32&gt;, 1ul, 1ul, 1ul&gt; const&amp;)&apos; (C:/Xilinx/Vitis_HLS/2022.1/common/technology/autopilot\ap_axi_sdata.h:307:26)" resolution=""/>
	<Message severity="INFO" prefix="[HLS 214-131]" key="HLS 214-131" tag="" content="Inlining function &apos;hls::axis&lt;ap_int&lt;32&gt;, 1ul, 1ul, 1ul&gt;::get_id_ptr()&apos; into &apos;hls::stream&lt;hls::axis&lt;ap_int&lt;32&gt;, 1ul, 1ul, 1ul&gt;, 0&gt;::write(hls::axis&lt;ap_int&lt;32&gt;, 1ul, 1ul, 1ul&gt; const&amp;)&apos; (C:/Xilinx/Vitis_HLS/2022.1/common/technology/autopilot\ap_axi_sdata.h:306:68)" resolution=""/>
	<Message severity="INFO" prefix="[HLS 214-131]" key="HLS 214-131" tag="" content="Inlining function &apos;hls::axis&lt;ap_int&lt;32&gt;, 1ul, 1ul, 1ul&gt;::get_user_ptr()&apos; into &apos;hls::stream&lt;hls::axis&lt;ap_int&lt;32&gt;, 1ul, 1ul, 1ul&gt;, 0&gt;::write(hls::axis&lt;ap_int&lt;32&gt;, 1ul, 1ul, 1ul&gt; const&amp;)&apos; (C:/Xilinx/Vitis_HLS/2022.1/common/technology/autopilot\ap_axi_sdata.h:306:37)" resolution=""/>
	<Message severity="INFO" prefix="[HLS 214-131]" key="HLS 214-131" tag="" content="Inlining function &apos;hls::axis&lt;ap_int&lt;32&gt;, 1ul, 1ul, 1ul&gt;::get_dest_ptr()&apos; into &apos;hls::stream&lt;hls::axis&lt;ap_int&lt;32&gt;, 1ul, 1ul, 1ul&gt;, 0&gt;::write(hls::axis&lt;ap_int&lt;32&gt;, 1ul, 1ul, 1ul&gt; const&amp;)&apos; (C:/Xilinx/Vitis_HLS/2022.1/common/technology/autopilot\ap_axi_sdata.h:305:40)" resolution=""/>
	<Message severity="INFO" prefix="[HLS 214-131]" key="HLS 214-131" tag="" content="Inlining function &apos;hls::axis&lt;ap_int&lt;32&gt;, 1ul, 1ul, 1ul&gt;::get_id_ptr()&apos; into &apos;hls::stream&lt;hls::axis&lt;ap_int&lt;32&gt;, 1ul, 1ul, 1ul&gt;, 0&gt;::write(hls::axis&lt;ap_int&lt;32&gt;, 1ul, 1ul, 1ul&gt; const&amp;)&apos; (C:/Xilinx/Vitis_HLS/2022.1/common/technology/autopilot\ap_axi_sdata.h:305:24)" resolution=""/>
	<Message severity="INFO" prefix="[HLS 214-131]" key="HLS 214-131" tag="" content="Inlining function &apos;hls::stream&lt;hls::axis&lt;ap_int&lt;32&gt;, 1ul, 1ul, 1ul&gt;, 0&gt;::read(hls::axis&lt;ap_int&lt;32&gt;, 1ul, 1ul, 1ul&gt;&amp;)&apos; into &apos;encrypt(hls::stream&lt;hls::axis&lt;ap_int&lt;32&gt;, 1ul, 1ul, 1ul&gt;, 0&gt;&amp;, hls::stream&lt;hls::axis&lt;ap_int&lt;32&gt;, 1ul, 1ul, 1ul&gt;, 0&gt;&amp;)&apos; (RSA_Simple/RSA.cpp:154:10)" resolution=""/>
	<Message severity="INFO" prefix="[HLS 214-131]" key="HLS 214-131" tag="" content="Inlining function &apos;ap_int_base&lt;1, false&gt;::operator unsigned long long() const&apos; into &apos;encrypt(hls::stream&lt;hls::axis&lt;ap_int&lt;32&gt;, 1ul, 1ul, 1ul&gt;, 0&gt;&amp;, hls::stream&lt;hls::axis&lt;ap_int&lt;32&gt;, 1ul, 1ul, 1ul&gt;, 0&gt;&amp;)&apos; (RSA_Simple/RSA.cpp:182:6)" resolution=""/>
	<Message severity="INFO" prefix="[HLS 214-131]" key="HLS 214-131" tag="" content="Inlining function &apos;hls::stream&lt;hls::axis&lt;ap_int&lt;32&gt;, 1ul, 1ul, 1ul&gt;, 0&gt;::write(hls::axis&lt;ap_int&lt;32&gt;, 1ul, 1ul, 1ul&gt; const&amp;)&apos; into &apos;encrypt(hls::stream&lt;hls::axis&lt;ap_int&lt;32&gt;, 1ul, 1ul, 1ul&gt;, 0&gt;&amp;, hls::stream&lt;hls::axis&lt;ap_int&lt;32&gt;, 1ul, 1ul, 1ul&gt;, 0&gt;&amp;)&apos; (RSA_Simple/RSA.cpp:180:11)" resolution=""/>
	<Message severity="INFO" prefix="[HLS 214-131]" key="HLS 214-131" tag="" content="Inlining function &apos;ap_int&lt;32&gt;::ap_int&lt;64&gt;(ap_uint&lt;64&gt; const&amp;)&apos; into &apos;encrypt(hls::stream&lt;hls::axis&lt;ap_int&lt;32&gt;, 1ul, 1ul, 1ul&gt;, 0&gt;&amp;, hls::stream&lt;hls::axis&lt;ap_int&lt;32&gt;, 1ul, 1ul, 1ul&gt;, 0&gt;&amp;)&apos; (RSA_Simple/RSA.cpp:173:17)" resolution=""/>
	<Message severity="INFO" prefix="[HLS 214-131]" key="HLS 214-131" tag="" content="Inlining function &apos;ap_int_base&lt;128, false&gt;::RType&lt;64, false&gt;::mod operator%&lt;128, false, 64, false&gt;(ap_int_base&lt;128, false&gt; const&amp;, ap_int_base&lt;64, false&gt; const&amp;)&apos; into &apos;encrypt(hls::stream&lt;hls::axis&lt;ap_int&lt;32&gt;, 1ul, 1ul, 1ul&gt;, 0&gt;&amp;, hls::stream&lt;hls::axis&lt;ap_int&lt;32&gt;, 1ul, 1ul, 1ul&gt;, 0&gt;&amp;)&apos; (RSA_Simple/RSA.cpp:170:17)" resolution=""/>
	<Message severity="INFO" prefix="[HLS 214-131]" key="HLS 214-131" tag="" content="Inlining function &apos;ap_int_base&lt;64, false&gt;::RType&lt;64, false&gt;::mult operator*&lt;64, false, 64, false&gt;(ap_int_base&lt;64, false&gt; const&amp;, ap_int_base&lt;64, false&gt; const&amp;)&apos; into &apos;encrypt(hls::stream&lt;hls::axis&lt;ap_int&lt;32&gt;, 1ul, 1ul, 1ul&gt;, 0&gt;&amp;, hls::stream&lt;hls::axis&lt;ap_int&lt;32&gt;, 1ul, 1ul, 1ul&gt;, 0&gt;&amp;)&apos; (RSA_Simple/RSA.cpp:170:12)" resolution=""/>
	<Message severity="INFO" prefix="[HLS 214-131]" key="HLS 214-131" tag="" content="Inlining function &apos;ap_int_base&lt;64, false&gt;::RType&lt;64, false&gt;::arg1 operator&gt;&gt;&lt;64, false&gt;(ap_int_base&lt;64, false&gt; const&amp;, int)&apos; into &apos;encrypt(hls::stream&lt;hls::axis&lt;ap_int&lt;32&gt;, 1ul, 1ul, 1ul&gt;, 0&gt;&amp;, hls::stream&lt;hls::axis&lt;ap_int&lt;32&gt;, 1ul, 1ul, 1ul&gt;, 0&gt;&amp;)&apos; (RSA_Simple/RSA.cpp:169:11)" resolution=""/>
	<Message severity="INFO" prefix="[HLS 214-131]" key="HLS 214-131" tag="" content="Inlining function &apos;ap_int_base&lt;128, false&gt;::RType&lt;64, false&gt;::mod operator%&lt;128, false, 64, false&gt;(ap_int_base&lt;128, false&gt; const&amp;, ap_int_base&lt;64, false&gt; const&amp;)&apos; into &apos;encrypt(hls::stream&lt;hls::axis&lt;ap_int&lt;32&gt;, 1ul, 1ul, 1ul&gt;, 0&gt;&amp;, hls::stream&lt;hls::axis&lt;ap_int&lt;32&gt;, 1ul, 1ul, 1ul&gt;, 0&gt;&amp;)&apos; (RSA_Simple/RSA.cpp:168:22)" resolution=""/>
	<Message severity="INFO" prefix="[HLS 214-131]" key="HLS 214-131" tag="" content="Inlining function &apos;ap_int_base&lt;64, false&gt;::RType&lt;64, false&gt;::mult operator*&lt;64, false, 64, false&gt;(ap_int_base&lt;64, false&gt; const&amp;, ap_int_base&lt;64, false&gt; const&amp;)&apos; into &apos;encrypt(hls::stream&lt;hls::axis&lt;ap_int&lt;32&gt;, 1ul, 1ul, 1ul&gt;, 0&gt;&amp;, hls::stream&lt;hls::axis&lt;ap_int&lt;32&gt;, 1ul, 1ul, 1ul&gt;, 0&gt;&amp;)&apos; (RSA_Simple/RSA.cpp:168:17)" resolution=""/>
	<Message severity="INFO" prefix="[HLS 214-131]" key="HLS 214-131" tag="" content="Inlining function &apos;ap_int_base&lt;65, true&gt;::operator long long() const&apos; into &apos;encrypt(hls::stream&lt;hls::axis&lt;ap_int&lt;32&gt;, 1ul, 1ul, 1ul&gt;, 0&gt;&amp;, hls::stream&lt;hls::axis&lt;ap_int&lt;32&gt;, 1ul, 1ul, 1ul&gt;, 0&gt;&amp;)&apos; (RSA_Simple/RSA.cpp:167:8)" resolution=""/>
	<Message severity="INFO" prefix="[HLS 214-131]" key="HLS 214-131" tag="" content="Inlining function &apos;ap_int_base&lt;64, false&gt;::RType&lt;($_0)32, true&gt;::logic operator&amp;&lt;64, false&gt;(ap_int_base&lt;64, false&gt; const&amp;, int)&apos; into &apos;encrypt(hls::stream&lt;hls::axis&lt;ap_int&lt;32&gt;, 1ul, 1ul, 1ul&gt;, 0&gt;&amp;, hls::stream&lt;hls::axis&lt;ap_int&lt;32&gt;, 1ul, 1ul, 1ul&gt;, 0&gt;&amp;)&apos; (RSA_Simple/RSA.cpp:167:10)" resolution=""/>
	<Message severity="INFO" prefix="[HLS 214-131]" key="HLS 214-131" tag="" content="Inlining function &apos;bool operator&gt;&lt;64, false&gt;(ap_int_base&lt;64, false&gt; const&amp;, int)&apos; into &apos;encrypt(hls::stream&lt;hls::axis&lt;ap_int&lt;32&gt;, 1ul, 1ul, 1ul&gt;, 0&gt;&amp;, hls::stream&lt;hls::axis&lt;ap_int&lt;32&gt;, 1ul, 1ul, 1ul&gt;, 0&gt;&amp;)&apos; (RSA_Simple/RSA.cpp:166:30)" resolution=""/>
	<Message severity="INFO" prefix="[HLS 214-131]" key="HLS 214-131" tag="" content="Inlining function &apos;ap_int_base&lt;64, false&gt;::RType&lt;64, false&gt;::mod operator%&lt;64, false, 64, false&gt;(ap_int_base&lt;64, false&gt; const&amp;, ap_int_base&lt;64, false&gt; const&amp;)&apos; into &apos;encrypt(hls::stream&lt;hls::axis&lt;ap_int&lt;32&gt;, 1ul, 1ul, 1ul&gt;, 0&gt;&amp;, hls::stream&lt;hls::axis&lt;ap_int&lt;32&gt;, 1ul, 1ul, 1ul&gt;, 0&gt;&amp;)&apos; (RSA_Simple/RSA.cpp:165:8)" resolution=""/>
	<Message severity="INFO" prefix="[HLS 214-131]" key="HLS 214-131" tag="" content="Inlining function &apos;ap_uint&lt;64&gt;::ap_uint(int)&apos; into &apos;encrypt(hls::stream&lt;hls::axis&lt;ap_int&lt;32&gt;, 1ul, 1ul, 1ul&gt;, 0&gt;&amp;, hls::stream&lt;hls::axis&lt;ap_int&lt;32&gt;, 1ul, 1ul, 1ul&gt;, 0&gt;&amp;)&apos; (RSA_Simple/RSA.cpp:163:7)" resolution=""/>
	<Message severity="INFO" prefix="[HLS 214-131]" key="HLS 214-131" tag="" content="Inlining function &apos;ap_int_base&lt;32, true&gt;::to_int() const&apos; into &apos;encrypt(hls::stream&lt;hls::axis&lt;ap_int&lt;32&gt;, 1ul, 1ul, 1ul&gt;, 0&gt;&amp;, hls::stream&lt;hls::axis&lt;ap_int&lt;32&gt;, 1ul, 1ul, 1ul&gt;, 0&gt;&amp;)&apos; (RSA_Simple/RSA.cpp:163:18)" resolution=""/>
	<Message severity="INFO" prefix="[HLS 214-131]" key="HLS 214-131" tag="" content="Inlining function &apos;ap_uint&lt;64&gt;::ap_uint(int)&apos; into &apos;encrypt(hls::stream&lt;hls::axis&lt;ap_int&lt;32&gt;, 1ul, 1ul, 1ul&gt;, 0&gt;&amp;, hls::stream&lt;hls::axis&lt;ap_int&lt;32&gt;, 1ul, 1ul, 1ul&gt;, 0&gt;&amp;)&apos; (RSA_Simple/RSA.cpp:161:9)" resolution=""/>
	<Message severity="INFO" prefix="[HLS 214-131]" key="HLS 214-131" tag="" content="Inlining function &apos;ap_uint&lt;64&gt;::ap_uint(int)&apos; into &apos;encrypt(hls::stream&lt;hls::axis&lt;ap_int&lt;32&gt;, 1ul, 1ul, 1ul&gt;, 0&gt;&amp;, hls::stream&lt;hls::axis&lt;ap_int&lt;32&gt;, 1ul, 1ul, 1ul&gt;, 0&gt;&amp;)&apos; (RSA_Simple/RSA.cpp:157:7)" resolution=""/>
	<Message severity="INFO" prefix="[HLS 214-131]" key="HLS 214-131" tag="" content="Inlining function &apos;ap_uint&lt;64&gt;::ap_uint(int)&apos; into &apos;encrypt(hls::stream&lt;hls::axis&lt;ap_int&lt;32&gt;, 1ul, 1ul, 1ul&gt;, 0&gt;&amp;, hls::stream&lt;hls::axis&lt;ap_int&lt;32&gt;, 1ul, 1ul, 1ul&gt;, 0&gt;&amp;)&apos; (RSA_Simple/RSA.cpp:156:7)" resolution=""/>
	<Message severity="INFO" prefix="[HLS 214-131]" key="HLS 214-131" tag="" content="Inlining function &apos;_llvm.fpga.unpack.none.s_struct.ap_int&lt;32&gt;s.i32&apos; into &apos;encrypt(hls::stream&lt;hls::axis&lt;ap_int&lt;32&gt;, 1ul, 1ul, 1ul&gt;, 0&gt;&amp;, hls::stream&lt;hls::axis&lt;ap_int&lt;32&gt;, 1ul, 1ul, 1ul&gt;, 0&gt;&amp;)&apos; (C:/Xilinx/Vitis_HLS/2022.1/common/technology/autopilot\ap_axi_sdata.h:283:5)" resolution=""/>
	<Message severity="INFO" prefix="[HLS 214-131]" key="HLS 214-131" tag="" content="Inlining function &apos;_llvm.fpga.pack.none.i1.s_struct.ap_uint&lt;1&gt;s&apos; into &apos;encrypt(hls::stream&lt;hls::axis&lt;ap_int&lt;32&gt;, 1ul, 1ul, 1ul&gt;, 0&gt;&amp;, hls::stream&lt;hls::axis&lt;ap_int&lt;32&gt;, 1ul, 1ul, 1ul&gt;, 0&gt;&amp;)&apos; (C:/Xilinx/Vitis_HLS/2022.1/common/technology/autopilot\ap_axi_sdata.h:304:5)" resolution=""/>
	<Message severity="INFO" prefix="[HLS 214-131]" key="HLS 214-131" tag="" content="Inlining function &apos;_llvm.fpga.pack.none.i4.s_struct.ap_uint&lt;4&gt;s&apos; into &apos;encrypt(hls::stream&lt;hls::axis&lt;ap_int&lt;32&gt;, 1ul, 1ul, 1ul&gt;, 0&gt;&amp;, hls::stream&lt;hls::axis&lt;ap_int&lt;32&gt;, 1ul, 1ul, 1ul&gt;, 0&gt;&amp;)&apos; (C:/Xilinx/Vitis_HLS/2022.1/common/technology/autopilot\ap_axi_sdata.h:304:5)" resolution=""/>
	<Message severity="INFO" prefix="[HLS 214-131]" key="HLS 214-131" tag="" content="Inlining function &apos;_llvm.fpga.pack.none.i32.s_struct.ap_int&lt;32&gt;s&apos; into &apos;encrypt(hls::stream&lt;hls::axis&lt;ap_int&lt;32&gt;, 1ul, 1ul, 1ul&gt;, 0&gt;&amp;, hls::stream&lt;hls::axis&lt;ap_int&lt;32&gt;, 1ul, 1ul, 1ul&gt;, 0&gt;&amp;)&apos; (C:/Xilinx/Vitis_HLS/2022.1/common/technology/autopilot\ap_axi_sdata.h:304:5)" resolution=""/>
	<Message severity="INFO" prefix="[HLS 214-131]" key="HLS 214-131" tag="" content="Inlining function &apos;_llvm.fpga.unpack.none.s_struct.ap_uint&lt;1&gt;s.i1&apos; into &apos;encrypt(hls::stream&lt;hls::axis&lt;ap_int&lt;32&gt;, 1ul, 1ul, 1ul&gt;, 0&gt;&amp;, hls::stream&lt;hls::axis&lt;ap_int&lt;32&gt;, 1ul, 1ul, 1ul&gt;, 0&gt;&amp;)&apos; (C:/Xilinx/Vitis_HLS/2022.1/common/technology/autopilot\ap_axi_sdata.h:283:5)" resolution=""/>
	<Message severity="INFO" prefix="[HLS 214-131]" key="HLS 214-131" tag="" content="Inlining function &apos;_llvm.fpga.unpack.none.s_struct.ap_uint&lt;4&gt;s.i4&apos; into &apos;encrypt(hls::stream&lt;hls::axis&lt;ap_int&lt;32&gt;, 1ul, 1ul, 1ul&gt;, 0&gt;&amp;, hls::stream&lt;hls::axis&lt;ap_int&lt;32&gt;, 1ul, 1ul, 1ul&gt;, 0&gt;&amp;)&apos; (C:/Xilinx/Vitis_HLS/2022.1/common/technology/autopilot\ap_axi_sdata.h:283:5)" resolution=""/>
	<Message severity="INFO" prefix="[HLS 200-111]" key="HLS_111_966" tag="RUNTIME" content="Finished Compiling Optimization and Transform: CPU user time: 0 seconds. CPU system time: 1 seconds. Elapsed time: 4.349 seconds; current allocated memory: 1.439 GB." resolution=""/>
	<Message severity="INFO" prefix="[HLS 200-111]" key="HLS_111_966" tag="RUNTIME" content="Finished Checking Pragmas: CPU user time: 0 seconds. CPU system time: 0 seconds. Elapsed time: 0.001 seconds; current allocated memory: 1.439 GB." resolution=""/>
	<Message severity="INFO" prefix="[HLS 200-10]" key="HLS_10_1467" tag="" content="Starting code transformations ..." resolution=""/>
	<Message severity="INFO" prefix="[HLS 200-111]" key="HLS_111_966" tag="RUNTIME" content="Finished Standard Transforms: CPU user time: 0 seconds. CPU system time: 0 seconds. Elapsed time: 0.104 seconds; current allocated memory: 1.439 GB." resolution=""/>
	<Message severity="INFO" prefix="[HLS 200-10]" key="HLS_10_1472" tag="" content="Checking synthesizability ..." resolution=""/>
	<Message severity="INFO" prefix="[HLS 200-111]" key="HLS_111_966" tag="RUNTIME" content="Finished Checking Synthesizability: CPU user time: 0 seconds. CPU system time: 0 seconds. Elapsed time: 0.089 seconds; current allocated memory: 1.439 GB." resolution=""/>
	<Message severity="INFO" prefix="[HLS 200-111]" key="HLS_111_966" tag="RUNTIME" content="Finished Loop, function and other optimizations: CPU user time: 1 seconds. CPU system time: 0 seconds. Elapsed time: 0.129 seconds; current allocated memory: 1.439 GB." resolution=""/>
	<Message severity="INFO" prefix="[HLS 200-111]" key="HLS_111_966" tag="RUNTIME" content="Finished Architecture Synthesis: CPU user time: 0 seconds. CPU system time: 0 seconds. Elapsed time: 0.075 seconds; current allocated memory: 1.439 GB." resolution=""/>
	<Message severity="INFO" prefix="[HLS 200-10]" key="HLS_10_1317" tag="" content="Starting hardware synthesis ..." resolution=""/>
	<Message severity="INFO" prefix="[HLS 200-10]" key="HLS_10_1385" tag="" content="Synthesizing &apos;encrypt&apos; ..." resolution=""/>
	<Message severity="INFO" prefix="[HLS 200-10]" key="HLS_10_1477" tag="" content="----------------------------------------------------------------" resolution=""/>
	<Message severity="INFO" prefix="[HLS 200-42]" key="HLS_42_1438" tag="" content="-- Implementing module &apos;encrypt&apos;" resolution=""/>
	<Message severity="INFO" prefix="[HLS 200-10]" key="HLS_10_1478" tag="" content="----------------------------------------------------------------" resolution=""/>
	<Message severity="INFO" prefix="[SCHED 204-11]" key="SCHED_SCHED_STATUS_597" tag="" content="Starting scheduling ..." resolution=""/>
	<Message severity="INFO" prefix="[SCHED 204-11]" key="SCHED_SCHED_STATUS_596" tag="" content="Finished scheduling." resolution=""/>
	<Message severity="INFO" prefix="[HLS 200-111]" key="HLS_111_966" tag="RUNTIME" content="Finished Scheduling: CPU user time: 0 seconds. CPU system time: 0 seconds. Elapsed time: 0.455 seconds; current allocated memory: 1.439 GB." resolution=""/>
	<Message severity="INFO" prefix="[BIND 205-100]" key="BIND_100_926" tag="" content="Starting micro-architecture generation ..." resolution=""/>
	<Message severity="INFO" prefix="[BIND 205-101]" key="BIND_101_698" tag="" content="Performing variable lifetime analysis." resolution=""/>
	<Message severity="INFO" prefix="[BIND 205-101]" key="BIND_101_697" tag="" content="Exploring resource sharing." resolution=""/>
	<Message severity="INFO" prefix="[BIND 205-101]" key="BIND_101_693" tag="" content="Binding ..." resolution=""/>
	<Message severity="INFO" prefix="[BIND 205-100]" key="BIND_100_925" tag="" content="Finished micro-architecture generation." resolution=""/>
	<Message severity="INFO" prefix="[HLS 200-111]" key="HLS_111_966" tag="RUNTIME" content="Finished Binding: CPU user time: 1 seconds. CPU system time: 0 seconds. Elapsed time: 0.756 seconds; current allocated memory: 1.439 GB." resolution=""/>
	<Message severity="INFO" prefix="[HLS 200-10]" key="HLS_10_1483" tag="" content="----------------------------------------------------------------" resolution=""/>
	<Message severity="INFO" prefix="[HLS 200-10]" key="HLS_10_1484" tag="" content="-- Generating RTL for module &apos;encrypt&apos;" resolution=""/>
	<Message severity="INFO" prefix="[HLS 200-10]" key="HLS_10_1485" tag="" content="----------------------------------------------------------------" resolution=""/>
	<Message severity="WARNING" prefix="[RTGEN 206-101]" key="RTGEN_101_918" tag="" content="Design contains AXI ports. Reset is fixed to synchronous and active low." resolution=""/>
	<Message severity="INFO" prefix="[RTGEN 206-500]" key="PREPROC_IO_COMP_CONFLICT_1950" tag="" content="Setting interface mode on port &apos;encrypt/dataIn_V_data_V&apos; to &apos;axis&apos; (register, both mode)." resolution=""/>
	<Message severity="INFO" prefix="[RTGEN 206-500]" key="PREPROC_IO_COMP_CONFLICT_1950" tag="" content="Setting interface mode on port &apos;encrypt/dataIn_V_keep_V&apos; to &apos;axis&apos; (register, both mode)." resolution=""/>
	<Message severity="INFO" prefix="[RTGEN 206-500]" key="PREPROC_IO_COMP_CONFLICT_1950" tag="" content="Setting interface mode on port &apos;encrypt/dataIn_V_strb_V&apos; to &apos;axis&apos; (register, both mode)." resolution=""/>
	<Message severity="INFO" prefix="[RTGEN 206-500]" key="PREPROC_IO_COMP_CONFLICT_1950" tag="" content="Setting interface mode on port &apos;encrypt/dataIn_V_user_V&apos; to &apos;axis&apos; (register, both mode)." resolution=""/>
	<Message severity="INFO" prefix="[RTGEN 206-500]" key="PREPROC_IO_COMP_CONFLICT_1950" tag="" content="Setting interface mode on port &apos;encrypt/dataIn_V_last_V&apos; to &apos;axis&apos; (register, both mode)." resolution=""/>
	<Message severity="INFO" prefix="[RTGEN 206-500]" key="PREPROC_IO_COMP_CONFLICT_1950" tag="" content="Setting interface mode on port &apos;encrypt/dataIn_V_id_V&apos; to &apos;axis&apos; (register, both mode)." resolution=""/>
	<Message severity="INFO" prefix="[RTGEN 206-500]" key="PREPROC_IO_COMP_CONFLICT_1950" tag="" content="Setting interface mode on port &apos;encrypt/dataIn_V_dest_V&apos; to &apos;axis&apos; (register, both mode)." resolution=""/>
	<Message severity="INFO" prefix="[RTGEN 206-500]" key="PREPROC_IO_COMP_CONFLICT_1950" tag="" content="Setting interface mode on port &apos;encrypt/dataOut_V_data_V&apos; to &apos;axis&apos; (register, both mode)." resolution=""/>
	<Message severity="INFO" prefix="[RTGEN 206-500]" key="PREPROC_IO_COMP_CONFLICT_1950" tag="" content="Setting interface mode on port &apos;encrypt/dataOut_V_keep_V&apos; to &apos;axis&apos; (register, both mode)." resolution=""/>
	<Message severity="INFO" prefix="[RTGEN 206-500]" key="PREPROC_IO_COMP_CONFLICT_1950" tag="" content="Setting interface mode on port &apos;encrypt/dataOut_V_strb_V&apos; to &apos;axis&apos; (register, both mode)." resolution=""/>
	<Message severity="INFO" prefix="[RTGEN 206-500]" key="PREPROC_IO_COMP_CONFLICT_1950" tag="" content="Setting interface mode on port &apos;encrypt/dataOut_V_user_V&apos; to &apos;axis&apos; (register, both mode)." resolution=""/>
	<Message severity="INFO" prefix="[RTGEN 206-500]" key="PREPROC_IO_COMP_CONFLICT_1950" tag="" content="Setting interface mode on port &apos;encrypt/dataOut_V_last_V&apos; to &apos;axis&apos; (register, both mode)." resolution=""/>
	<Message severity="INFO" prefix="[RTGEN 206-500]" key="PREPROC_IO_COMP_CONFLICT_1950" tag="" content="Setting interface mode on port &apos;encrypt/dataOut_V_id_V&apos; to &apos;axis&apos; (register, both mode)." resolution=""/>
	<Message severity="INFO" prefix="[RTGEN 206-500]" key="PREPROC_IO_COMP_CONFLICT_1950" tag="" content="Setting interface mode on port &apos;encrypt/dataOut_V_dest_V&apos; to &apos;axis&apos; (register, both mode)." resolution=""/>
	<Message severity="INFO" prefix="[RTGEN 206-500]" key="PREPROC_IO_COMP_CONFLICT_1950" tag="" content="Setting interface mode on function &apos;encrypt&apos; to &apos;s_axilite &amp; ap_ctrl_hs&apos;." resolution=""/>
	<Message severity="INFO" prefix="[RTGEN 206-100]" key="RTGEN_100_851" tag="" content="Bundling port &apos;return&apos; and &apos;ap_local_deadlock&apos; to AXI-Lite port control." resolution=""/>
	<Message severity="INFO" prefix="[RTGEN 206-100]" key="RTGEN_100_855" tag="" content="Generating core module &apos;mul_23ns_23ns_46_1_1&apos;: 1 instance(s)." resolution=""/>
	<Message severity="INFO" prefix="[RTGEN 206-100]" key="RTGEN_100_855" tag="" content="Generating core module &apos;mul_23ns_64ns_87_5_1&apos;: 1 instance(s)." resolution=""/>
	<Message severity="INFO" prefix="[RTGEN 206-100]" key="RTGEN_100_855" tag="" content="Generating core module &apos;urem_46ns_24ns_23_50_seq_1&apos;: 1 instance(s)." resolution=""/>
	<Message severity="INFO" prefix="[RTGEN 206-100]" key="RTGEN_100_855" tag="" content="Generating core module &apos;urem_64s_24ns_23_68_seq_1&apos;: 1 instance(s)." resolution=""/>
	<Message severity="INFO" prefix="[RTGEN 206-100]" key="RTGEN_100_855" tag="" content="Generating core module &apos;urem_87ns_24ns_64_91_seq_1&apos;: 1 instance(s)." resolution=""/>
	<Message severity="INFO" prefix="[RTGEN 206-100]" key="RTGEN_100_856" tag="" content="Finished creating RTL model for &apos;encrypt&apos;." resolution=""/>
	<Message severity="INFO" prefix="[HLS 200-111]" key="HLS_111_966" tag="RUNTIME" content="Finished Creating RTL model: CPU user time: 0 seconds. CPU system time: 0 seconds. Elapsed time: 0.454 seconds; current allocated memory: 1.439 GB." resolution=""/>
	<Message severity="INFO" prefix="[HLS 200-111]" key="HLS_111_966" tag="RUNTIME" content="Finished Generating all RTL models: CPU user time: 0 seconds. CPU system time: 0 seconds. Elapsed time: 0.646 seconds; current allocated memory: 1.439 GB." resolution=""/>
	<Message severity="INFO" prefix="[HLS 200-111]" key="HLS_111_966" tag="RUNTIME" content="Finished Updating report files: CPU user time: 1 seconds. CPU system time: 0 seconds. Elapsed time: 0.639 seconds; current allocated memory: 1.439 GB." resolution=""/>
	<Message severity="INFO" prefix="[VHDL 208-304]" key="VHDL_304_1066" tag="" content="Generating VHDL RTL for encrypt." resolution=""/>
	<Message severity="INFO" prefix="[VLOG 209-307]" key="VLOG_307_1067" tag="" content="Generating Verilog RTL for encrypt." resolution=""/>
	<Message severity="INFO" prefix="[HLS 200-790]" key="HLS 200-790" tag="LOOP,VITIS_KERNEL" content="**** Loop Constraint Status: All loop constraints were satisfied." resolution=""/>
	<Message severity="INFO" prefix="[HLS 200-789]" key="HLS 200-789" tag="THROUGHPUT,VITIS_KERNEL" content="**** Estimated Fmax: 143.31 MHz" resolution=""/>
	<Message severity="INFO" prefix="[HLS 200-111]" key="HLS_111_966" tag="RUNTIME" content="Finished Command csynth_design CPU user time: 4 seconds. CPU system time: 1 seconds. Elapsed time: 31.349 seconds; current allocated memory: 0.000 MB." resolution=""/>
</Messages>
