{"sourceFile": [{
      "name": "",
      "directive": [
        {
          "functionName": "encrypt",
          "label": "",
          "functionLabel": "",
          "id": "1",
          "sourceFile": "C:\/EECE4632_Project\/RSA_Simple\/solution1\/directives.tcl",
          "sourceLine": "6",
          "pragma": {
            "name": "TOP",
            "option": [{
                "name": "name",
                "value": "encrypt"
              }]
          }
        },
        {
          "functionName": "encrypt",
          "label": "",
          "functionLabel": "",
          "id": "2",
          "sourceFile": "C:\/EECE4632_Project\/RSA_Simple\/solution1\/csynth.tcl",
          "sourceLine": "17",
          "pragma": {
            "name": "TOP",
            "option": [{
                "name": "name",
                "value": "encrypt"
              }]
          }
        }
      ]
    }]}
