<VitisHLS:BurstInfo>
    <burst group="BURST_VERBOSE_MISSED" fe_name="CouldNotAnalyzeBoundsPatternMissed" src_info="RSA_Simple/RSA.cpp:153:20" msg_id="214-252" msg_severity="INFO" msg_body="Could not analyze the loop bounds" resolution="214-252" LoopLoc="RSA_Simple/RSA.cpp:153:20" LoopName="VITIS_LOOP_153_1" ParentFunc="encrypt(hls::stream&lt;hls::axis&lt;ap_int&lt;32&gt;, 1ul, 1ul, 1ul&gt;, 0&gt;&amp;, hls::stream&lt;hls::axis&lt;ap_int&lt;32&gt;, 1ul, 1ul, 1ul&gt;, 0&gt;&amp;)"/>
    <burst group="BURST_VERBOSE_MISSED" fe_name="NonByteSizeMemoryAccessMissed" src_info="C:/Xilinx/Vitis_HLS/2022.1/common/technology/autopilot\ap_axi_sdata.h:303:21" msg_id="214-226" msg_severity="INFO" msg_body="Non byte size access is unsupported" resolution="214-226" ID="while.end.store.12" VarName="tmp.i1" ParentFunc="encrypt(hls::stream&lt;hls::axis&lt;ap_int&lt;32&gt;, 1ul, 1ul, 1ul&gt;, 0&gt;&amp;, hls::stream&lt;hls::axis&lt;ap_int&lt;32&gt;, 1ul, 1ul, 1ul&gt;, 0&gt;&amp;)"/>
    <burst group="BURST_VERBOSE_MISSED" fe_name="NonByteSizeMemoryAccessMissed" src_info="C:/Xilinx/Vitis_HLS/2022.1/common/technology/autopilot\ap_axi_sdata.h:303:21" msg_id="214-226" msg_severity="INFO" msg_body="Non byte size access is unsupported" resolution="214-226" ID="while.end.store.13" VarName="tmp.i1" ParentFunc="encrypt(hls::stream&lt;hls::axis&lt;ap_int&lt;32&gt;, 1ul, 1ul, 1ul&gt;, 0&gt;&amp;, hls::stream&lt;hls::axis&lt;ap_int&lt;32&gt;, 1ul, 1ul, 1ul&gt;, 0&gt;&amp;)"/>
    <burst group="BURST_VERBOSE_MISSED" fe_name="NonByteSizeMemoryAccessMissed" src_info="C:/Xilinx/Vitis_HLS/2022.1/common/technology/autopilot\ap_axi_sdata.h:303:21" msg_id="214-226" msg_severity="INFO" msg_body="Non byte size access is unsupported" resolution="214-226" ID="while.end.store.14" VarName="tmp.i1" ParentFunc="encrypt(hls::stream&lt;hls::axis&lt;ap_int&lt;32&gt;, 1ul, 1ul, 1ul&gt;, 0&gt;&amp;, hls::stream&lt;hls::axis&lt;ap_int&lt;32&gt;, 1ul, 1ul, 1ul&gt;, 0&gt;&amp;)"/>
    <burst group="BURST_VERBOSE_MISSED" fe_name="NonByteSizeMemoryAccessMissed" src_info="C:/Xilinx/Vitis_HLS/2022.1/common/technology/autopilot\ap_axi_sdata.h:303:21" msg_id="214-226" msg_severity="INFO" msg_body="Non byte size access is unsupported" resolution="214-226" ID="while.end.store.15" VarName="tmp.i1" ParentFunc="encrypt(hls::stream&lt;hls::axis&lt;ap_int&lt;32&gt;, 1ul, 1ul, 1ul&gt;, 0&gt;&amp;, hls::stream&lt;hls::axis&lt;ap_int&lt;32&gt;, 1ul, 1ul, 1ul&gt;, 0&gt;&amp;)"/>
    <burst group="BURST_VERBOSE_MISSED" fe_name="NonByteSizeMemoryAccessMissed" src_info="C:/Xilinx/Vitis_HLS/2022.1/common/technology/autopilot\ap_axi_sdata.h:303:21" msg_id="214-226" msg_severity="INFO" msg_body="Non byte size access is unsupported" resolution="214-226" ID="while.end.store.16" VarName="tmp.i1" ParentFunc="encrypt(hls::stream&lt;hls::axis&lt;ap_int&lt;32&gt;, 1ul, 1ul, 1ul&gt;, 0&gt;&amp;, hls::stream&lt;hls::axis&lt;ap_int&lt;32&gt;, 1ul, 1ul, 1ul&gt;, 0&gt;&amp;)"/>
    <burst group="BURST_VERBOSE_MISSED" fe_name="NonByteSizeMemoryAccessMissed" src_info="C:/Xilinx/Vitis_HLS/2022.1/common/technology/autopilot\ap_axi_sdata.h:303:21" msg_id="214-226" msg_severity="INFO" msg_body="Non byte size access is unsupported" resolution="214-226" ID="while.end.store.17" VarName="tmp.i1" ParentFunc="encrypt(hls::stream&lt;hls::axis&lt;ap_int&lt;32&gt;, 1ul, 1ul, 1ul&gt;, 0&gt;&amp;, hls::stream&lt;hls::axis&lt;ap_int&lt;32&gt;, 1ul, 1ul, 1ul&gt;, 0&gt;&amp;)"/>
    <burst group="BURST_VERBOSE_MISSED" fe_name="NonByteSizeMemoryAccessMissed" src_info="C:/Xilinx/Vitis_HLS/2022.1/common/technology/autopilot\ap_axi_sdata.h:287:10" msg_id="214-226" msg_severity="INFO" msg_body="Non byte size access is unsupported" resolution="214-226" ID="VITIS_LOOP_166_2.load.4" VarName="tmp.i" ParentFunc="encrypt(hls::stream&lt;hls::axis&lt;ap_int&lt;32&gt;, 1ul, 1ul, 1ul&gt;, 0&gt;&amp;, hls::stream&lt;hls::axis&lt;ap_int&lt;32&gt;, 1ul, 1ul, 1ul&gt;, 0&gt;&amp;)"/>
    <burst group="BURST_VERBOSE_MISSED" fe_name="NonByteSizeMemoryAccessMissed" src_info="C:/Xilinx/Vitis_HLS/2022.1/common/technology/autopilot\ap_axi_sdata.h:287:10" msg_id="214-226" msg_severity="INFO" msg_body="Non byte size access is unsupported" resolution="214-226" ID="VITIS_LOOP_166_2.load.5" VarName="tmp.i" ParentFunc="encrypt(hls::stream&lt;hls::axis&lt;ap_int&lt;32&gt;, 1ul, 1ul, 1ul&gt;, 0&gt;&amp;, hls::stream&lt;hls::axis&lt;ap_int&lt;32&gt;, 1ul, 1ul, 1ul&gt;, 0&gt;&amp;)"/>
    <burst group="BURST_VERBOSE_MISSED" fe_name="NonByteSizeMemoryAccessMissed" src_info="C:/Xilinx/Vitis_HLS/2022.1/common/technology/autopilot\ap_axi_sdata.h:287:10" msg_id="214-226" msg_severity="INFO" msg_body="Non byte size access is unsupported" resolution="214-226" ID="VITIS_LOOP_166_2.load.6" VarName="tmp.i" ParentFunc="encrypt(hls::stream&lt;hls::axis&lt;ap_int&lt;32&gt;, 1ul, 1ul, 1ul&gt;, 0&gt;&amp;, hls::stream&lt;hls::axis&lt;ap_int&lt;32&gt;, 1ul, 1ul, 1ul&gt;, 0&gt;&amp;)"/>
    <burst group="BURST_VERBOSE_MISSED" fe_name="NonByteSizeMemoryAccessMissed" src_info="C:/Xilinx/Vitis_HLS/2022.1/common/technology/autopilot\ap_axi_sdata.h:287:10" msg_id="214-226" msg_severity="INFO" msg_body="Non byte size access is unsupported" resolution="214-226" ID="VITIS_LOOP_166_2.load.7" VarName="tmp.i" ParentFunc="encrypt(hls::stream&lt;hls::axis&lt;ap_int&lt;32&gt;, 1ul, 1ul, 1ul&gt;, 0&gt;&amp;, hls::stream&lt;hls::axis&lt;ap_int&lt;32&gt;, 1ul, 1ul, 1ul&gt;, 0&gt;&amp;)"/>
    <burst group="BURST_VERBOSE_MISSED" fe_name="NonByteSizeMemoryAccessMissed" src_info="C:/Xilinx/Vitis_HLS/2022.1/common/technology/autopilot\ap_axi_sdata.h:287:10" msg_id="214-226" msg_severity="INFO" msg_body="Non byte size access is unsupported" resolution="214-226" ID="VITIS_LOOP_166_2.load.8" VarName="tmp.i" ParentFunc="encrypt(hls::stream&lt;hls::axis&lt;ap_int&lt;32&gt;, 1ul, 1ul, 1ul&gt;, 0&gt;&amp;, hls::stream&lt;hls::axis&lt;ap_int&lt;32&gt;, 1ul, 1ul, 1ul&gt;, 0&gt;&amp;)"/>
    <burst group="BURST_VERBOSE_MISSED" fe_name="NonByteSizeMemoryAccessMissed" src_info="C:/Xilinx/Vitis_HLS/2022.1/common/technology/autopilot\ap_axi_sdata.h:287:10" msg_id="214-226" msg_severity="INFO" msg_body="Non byte size access is unsupported" resolution="214-226" ID="VITIS_LOOP_166_2.load.9" VarName="tmp.i" ParentFunc="encrypt(hls::stream&lt;hls::axis&lt;ap_int&lt;32&gt;, 1ul, 1ul, 1ul&gt;, 0&gt;&amp;, hls::stream&lt;hls::axis&lt;ap_int&lt;32&gt;, 1ul, 1ul, 1ul&gt;, 0&gt;&amp;)"/>
</VitisHLS:BurstInfo>

