<profile>

<section name = "Vitis HLS Report for 'encrypt'" level="0">
<item name = "Date">Wed Mar 29 15:02:41 2023
</item>
<item name = "Version">2022.1 (Build 3526262 on Mon Apr 18 15:48:16 MDT 2022)</item>
<item name = "Project">RSA_Simple</item>
<item name = "Solution">solution1 (Vivado IP Flow Target)</item>
<item name = "Product family">zynq</item>
<item name = "Target device">xc7z010-clg400-1</item>
</section>

<section name = "Performance Estimates" level="0">
<item name = "Timing">
<section name = "" level="1">
<item name = "Summary"><table name="" hasTotal="0">
<keys size="4">Clock, Target, Estimated, Uncertainty</keys>
<column name="ap_clk">10.00 ns, 6.978 ns, 2.70 ns</column>
</table>
</item>
</section>
</item>
<item name = "Latency">
<section name = "" level="1">
<item name = "Summary"><table name="" hasTotal="0">
<keys size="8">, min, max, min, max, min, max, Type</keys>
<column name="">?, ?, ?, ?, ?, ?, no</column>
</table>
</item>
<item name = "Detail">
<section name = "" level="1">
<item name = "Instance"><table name="" hasTotal="0">
<keys size="9">Instance, Module, min, max, min, max, min, max, Type</keys>
</table>
</item>
<item name = "Loop"><table name="" hasTotal="0">
<keys size="8">Loop Name, min, max, Latency, achieved, target, Count, Pipelined</keys>
<column name="- VITIS_LOOP_153_1">?, ?, 954 ~ 2552, -, -, ?, no</column>
<column name=" + VITIS_LOOP_166_2">884, 2482, 52 ~ 146, -, -, 17, no</column>
</table>
</item>
</section>
</item>
</section>
</item>
</section>

<section name = "Utilization Estimates" level="0">
<item name = "Summary"><table name="" hasTotal="1">
<keys size="6">Name, BRAM_18K, DSP, FF, LUT, URAM</keys>
<column name="DSP">-, -, -, -, -</column>
<column name="Expression">-, -, 0, 17, -</column>
<column name="FIFO">-, -, -, -, -</column>
<column name="Instance">0, 4, 2604, 1606, -</column>
<column name="Memory">-, -, -, -, -</column>
<column name="Multiplexer">-, -, -, 1209, -</column>
<column name="Register">-, -, 569, -, -</column>
<specialColumn name="Available">120, 80, 35200, 17600, 0</specialColumn>
<specialColumn name="Utilization (%)">0, 5, 9, 16, 0</specialColumn>
</table>
</item>
<item name = "Detail">
<section name = "" level="1">
<item name = "Instance"><table name="" hasTotal="1">
<keys size="7">Instance, Module, BRAM_18K, DSP, FF, LUT, URAM</keys>
<column name="control_s_axi_U">control_s_axi, 0, 0, 43, 42, 0</column>
<column name="mul_23ns_23ns_46_1_1_U4">mul_23ns_23ns_46_1_1, 0, 1, 0, 31, 0</column>
<column name="mul_23ns_64ns_87_5_1_U2">mul_23ns_64ns_87_5_1, 0, 3, 441, 256, 0</column>
<column name="urem_46ns_24ns_23_50_seq_1_U5">urem_46ns_24ns_23_50_seq_1, 0, 0, 562, 339, 0</column>
<column name="urem_64s_24ns_23_68_seq_1_U1">urem_64s_24ns_23_68_seq_1, 0, 0, 779, 469, 0</column>
<column name="urem_87ns_24ns_64_91_seq_1_U3">urem_87ns_24ns_64_91_seq_1, 0, 0, 779, 469, 0</column>
</table>
</item>
<item name = "DSP"><table name="" hasTotal="0">
<keys size="3">Instance, Module, Expression</keys>
</table>
</item>
<item name = "Memory"><table name="" hasTotal="1">
<keys size="10">Memory, Module, BRAM_18K, FF, LUT, URAM, Words, Bits, Banks, W*Bits*Banks</keys>
</table>
</item>
<item name = "FIFO"><table name="" hasTotal="1">
<keys size="8">Name, BRAM_18K, FF, LUT, URAM, Depth, Bits, Size:D*B</keys>
</table>
</item>
<item name = "Expression"><table name="" hasTotal="1">
<keys size="7">Variable Name, Operation, DSP, FF, LUT, Bitwidth P0, Bitwidth P1</keys>
<column name="ap_block_state70">and, 0, 0, 2, 1, 1</column>
<column name="icmp_ln1081_fu_212_p2">icmp, 0, 0, 13, 17, 1</column>
<column name="ap_block_state216">or, 0, 0, 2, 1, 1</column>
</table>
</item>
<item name = "Multiplexer"><table name="" hasTotal="1">
<keys size="5">Name, LUT, Input Size, Bits, Total Bits</keys>
<column name="a_V_reg_149">9, 2, 23, 46</column>
<column name="ap_NS_fsm">1155, 217, 1, 217</column>
<column name="dataIn_TDATA_blk_n">9, 2, 1, 2</column>
<column name="dataOut_TDATA_blk_n">9, 2, 1, 2</column>
<column name="e_V_reg_125">9, 2, 17, 34</column>
<column name="res_V_1_reg_158">9, 2, 64, 128</column>
<column name="res_V_2_reg_137">9, 2, 64, 128</column>
</table>
</item>
<item name = "Register"><table name="" hasTotal="1">
<keys size="5">Name, FF, LUT, Bits, Const Bits</keys>
<column name="a_V_reg_149">23, 0, 23, 0</column>
<column name="ap_CS_fsm">216, 0, 216, 0</column>
<column name="e_V_reg_125">17, 0, 17, 0</column>
<column name="res_V_1_reg_158">64, 0, 64, 0</column>
<column name="res_V_2_reg_137">64, 0, 64, 0</column>
<column name="ret_V_3_reg_364">46, 0, 46, 0</column>
<column name="ret_V_reg_349">87, 0, 87, 0</column>
<column name="tmp_dest_V_reg_306">1, 0, 1, 0</column>
<column name="tmp_id_V_reg_301">1, 0, 1, 0</column>
<column name="tmp_keep_V_reg_281">4, 0, 4, 0</column>
<column name="tmp_last_V_reg_296">1, 0, 1, 0</column>
<column name="tmp_strb_V_reg_286">4, 0, 4, 0</column>
<column name="tmp_user_V_reg_291">1, 0, 1, 0</column>
<column name="trunc_ln151_reg_335">1, 0, 1, 0</column>
<column name="zext_ln167_1_reg_329">23, 0, 46, 23</column>
<column name="zext_ln1715_reg_359">16, 0, 17, 1</column>
</table>
</item>
</section>
</item>
</section>

<section name = "Interface" level="0">
<item name = "Summary"><table name="" hasTotal="0">
<keys size="6">RTL Ports, Dir, Bits, Protocol, Source Object, C Type</keys>
<column name="s_axi_control_AWVALID">in, 1, s_axi, control, scalar</column>
<column name="s_axi_control_AWREADY">out, 1, s_axi, control, scalar</column>
<column name="s_axi_control_AWADDR">in, 4, s_axi, control, scalar</column>
<column name="s_axi_control_WVALID">in, 1, s_axi, control, scalar</column>
<column name="s_axi_control_WREADY">out, 1, s_axi, control, scalar</column>
<column name="s_axi_control_WDATA">in, 32, s_axi, control, scalar</column>
<column name="s_axi_control_WSTRB">in, 4, s_axi, control, scalar</column>
<column name="s_axi_control_ARVALID">in, 1, s_axi, control, scalar</column>
<column name="s_axi_control_ARREADY">out, 1, s_axi, control, scalar</column>
<column name="s_axi_control_ARADDR">in, 4, s_axi, control, scalar</column>
<column name="s_axi_control_RVALID">out, 1, s_axi, control, scalar</column>
<column name="s_axi_control_RREADY">in, 1, s_axi, control, scalar</column>
<column name="s_axi_control_RDATA">out, 32, s_axi, control, scalar</column>
<column name="s_axi_control_RRESP">out, 2, s_axi, control, scalar</column>
<column name="s_axi_control_BVALID">out, 1, s_axi, control, scalar</column>
<column name="s_axi_control_BREADY">in, 1, s_axi, control, scalar</column>
<column name="s_axi_control_BRESP">out, 2, s_axi, control, scalar</column>
<column name="ap_local_block">out, 1, ap_ctrl_hs, encrypt, return value</column>
<column name="ap_clk">in, 1, ap_ctrl_hs, encrypt, return value</column>
<column name="ap_rst_n">in, 1, ap_ctrl_hs, encrypt, return value</column>
<column name="interrupt">out, 1, ap_ctrl_hs, encrypt, return value</column>
<column name="dataIn_TDATA">in, 32, axis, dataIn_V_data_V, pointer</column>
<column name="dataIn_TVALID">in, 1, axis, dataIn_V_dest_V, pointer</column>
<column name="dataIn_TREADY">out, 1, axis, dataIn_V_dest_V, pointer</column>
<column name="dataIn_TDEST">in, 1, axis, dataIn_V_dest_V, pointer</column>
<column name="dataIn_TKEEP">in, 4, axis, dataIn_V_keep_V, pointer</column>
<column name="dataIn_TSTRB">in, 4, axis, dataIn_V_strb_V, pointer</column>
<column name="dataIn_TUSER">in, 1, axis, dataIn_V_user_V, pointer</column>
<column name="dataIn_TLAST">in, 1, axis, dataIn_V_last_V, pointer</column>
<column name="dataIn_TID">in, 1, axis, dataIn_V_id_V, pointer</column>
<column name="dataOut_TDATA">out, 32, axis, dataOut_V_data_V, pointer</column>
<column name="dataOut_TVALID">out, 1, axis, dataOut_V_dest_V, pointer</column>
<column name="dataOut_TREADY">in, 1, axis, dataOut_V_dest_V, pointer</column>
<column name="dataOut_TDEST">out, 1, axis, dataOut_V_dest_V, pointer</column>
<column name="dataOut_TKEEP">out, 4, axis, dataOut_V_keep_V, pointer</column>
<column name="dataOut_TSTRB">out, 4, axis, dataOut_V_strb_V, pointer</column>
<column name="dataOut_TUSER">out, 1, axis, dataOut_V_user_V, pointer</column>
<column name="dataOut_TLAST">out, 1, axis, dataOut_V_last_V, pointer</column>
<column name="dataOut_TID">out, 1, axis, dataOut_V_id_V, pointer</column>
</table>
</item>
</section>
</profile>
