<profile>

<section name = "Vitis HLS Report for 'encrypt'" level="0">
<item name = "Date">Wed Mar 29 15:02:41 2023
</item>
<item name = "Version">2022.1 (Build 3526262 on Mon Apr 18 15:48:16 MDT 2022)</item>
<item name = "Project">RSA_Simple</item>
<item name = "Solution">solution1 (Vivado IP Flow Target)</item>
<item name = "Product family">zynq</item>
<item name = "Target device">xc7z010-clg400-1</item>
</section>

<section name = "Performance Estimates" level="0">
<item name = "Timing">
<section name = "" level="1">
<item name = "Summary"><table name="" hasTotal="0">
<keys size="4">Clock, Target, Estimated, Uncertainty</keys>
<column name="ap_clk">10.00 ns, 6.978 ns, 2.70 ns</column>
</table>
</item>
</section>
</item>
<item name = "Latency">
<section name = "" level="1">
<item name = "Summary"><table name="" hasTotal="0">
<keys size="8">, min, max, min, max, min, max, Type</keys>
<column name="">?, ?, ?, ?, ?, ?, no</column>
</table>
</item>
<item name = "Detail">
<section name = "" level="1">
<item name = "Instance"><table name="" hasTotal="0">
<keys size="9">Instance, Module, min, max, min, max, min, max, Type</keys>
</table>
</item>
<item name = "Loop"><table name="" hasTotal="0">
<keys size="8">Loop Name, min, max, Latency, achieved, target, Count, Pipelined</keys>
<column name="- VITIS_LOOP_153_1">?, ?, 954 ~ 2552, -, -, ?, no</column>
<column name=" + VITIS_LOOP_166_2">884, 2482, 52 ~ 146, -, -, 17, no</column>
</table>
</item>
</section>
</item>
</section>
</item>
</section>
</profile>
