<?xml version="1.0"?>
<Runs Version="1" Minor="0">
	<Run Id="dma_axis_ip_example_auto_pc_1_synth_1" LaunchDir="C:/Users/evantash.n.NUNET/project_RSA2/project_RSA2.runs/dma_axis_ip_example_auto_pc_1_synth_1" FlowId="Vivado_Synthesis" FromStepId="vivado" ToStepId="vivado"/>
	<Run Id="dma_axis_ip_example_auto_pc_0_synth_1" LaunchDir="C:/Users/evantash.n.NUNET/project_RSA2/project_RSA2.runs/dma_axis_ip_example_auto_pc_0_synth_1" FlowId="Vivado_Synthesis" FromStepId="vivado" ToStepId="vivado"/>
	<Run Id="dma_axis_ip_example_auto_us_0_synth_1" LaunchDir="C:/Users/evantash.n.NUNET/project_RSA2/project_RSA2.runs/dma_axis_ip_example_auto_us_0_synth_1" FlowId="Vivado_Synthesis" FromStepId="vivado" ToStepId="vivado"/>
	<Run Id="dma_axis_ip_example_encrypt_0_0_synth_1" LaunchDir="C:/Users/evantash.n.NUNET/project_RSA2/project_RSA2.runs/dma_axis_ip_example_encrypt_0_0_synth_1" FlowId="Vivado_Synthesis" FromStepId="vivado" ToStepId="vivado"/>
	<Run Id="dma_axis_ip_example_xbar_0_synth_1" LaunchDir="C:/Users/evantash.n.NUNET/project_RSA2/project_RSA2.runs/dma_axis_ip_example_xbar_0_synth_1" FlowId="Vivado_Synthesis" FromStepId="vivado" ToStepId="vivado"/>
	<Run Id="dma_axis_ip_example_auto_pc_2_synth_1" LaunchDir="C:/Users/evantash.n.NUNET/project_RSA2/project_RSA2.runs/dma_axis_ip_example_auto_pc_2_synth_1" FlowId="Vivado_Synthesis" FromStepId="vivado" ToStepId="vivado"/>
	<Run Id="dma_axis_ip_example_axi_dma_0_synth_1" LaunchDir="C:/Users/evantash.n.NUNET/project_RSA2/project_RSA2.runs/dma_axis_ip_example_axi_dma_0_synth_1" FlowId="Vivado_Synthesis" FromStepId="vivado" ToStepId="vivado"/>
	<Run Id="dma_axis_ip_example_processing_system7_0_0_synth_1" LaunchDir="C:/Users/evantash.n.NUNET/project_RSA2/project_RSA2.runs/dma_axis_ip_example_processing_system7_0_0_synth_1" FlowId="Vivado_Synthesis" FromStepId="vivado" ToStepId="vivado"/>
	<Run Id="dma_axis_ip_example_rst_ps7_0_100M_0_synth_1" LaunchDir="C:/Users/evantash.n.NUNET/project_RSA2/project_RSA2.runs/dma_axis_ip_example_rst_ps7_0_100M_0_synth_1" FlowId="Vivado_Synthesis" FromStepId="vivado" ToStepId="vivado"/>
	<Run Id="synth_1" LaunchDir="C:/Users/evantash.n.NUNET/project_RSA2/project_RSA2.runs/synth_1" FlowId="Vivado_Synthesis" FromStepId="vivado" ToStepId="vivado">
		<Parent Id="dma_axis_ip_example_auto_pc_1_synth_1"/>
		<Parent Id="dma_axis_ip_example_auto_pc_0_synth_1"/>
		<Parent Id="dma_axis_ip_example_auto_us_0_synth_1"/>
		<Parent Id="dma_axis_ip_example_encrypt_0_0_synth_1"/>
		<Parent Id="dma_axis_ip_example_xbar_0_synth_1"/>
		<Parent Id="dma_axis_ip_example_auto_pc_2_synth_1"/>
		<Parent Id="dma_axis_ip_example_axi_dma_0_synth_1"/>
		<Parent Id="dma_axis_ip_example_processing_system7_0_0_synth_1"/>
		<Parent Id="dma_axis_ip_example_rst_ps7_0_100M_0_synth_1"/>
	</Run>
	<Run Id="impl_1" LaunchDir="C:/Users/evantash.n.NUNET/project_RSA2/project_RSA2.runs/impl_1" FlowId="Vivado_Implementation" FromStepId="init_design" ToStepId="write_bitstream">
		<Parent Id="synth_1"/>
		<Parent Id="dma_axis_ip_example_auto_pc_1_synth_1"/>
		<Parent Id="dma_axis_ip_example_auto_pc_0_synth_1"/>
		<Parent Id="dma_axis_ip_example_auto_us_0_synth_1"/>
		<Parent Id="dma_axis_ip_example_encrypt_0_0_synth_1"/>
		<Parent Id="dma_axis_ip_example_xbar_0_synth_1"/>
		<Parent Id="dma_axis_ip_example_auto_pc_2_synth_1"/>
		<Parent Id="dma_axis_ip_example_axi_dma_0_synth_1"/>
		<Parent Id="dma_axis_ip_example_processing_system7_0_0_synth_1"/>
		<Parent Id="dma_axis_ip_example_rst_ps7_0_100M_0_synth_1"/>
	</Run>
	<Parameters>
		<Parameter Name="runs.monitorLSFJobs" Val="true" Type="bool"/>
		<Parameter Name="runs.enableClusterConf" Val="true" Type="bool"/>
	</Parameters>
</Runs>

