<?xml version="1.0" encoding="UTF-8"?>
<GenRun Id="synth_1" LaunchPart="xc7z020clg400-1" LaunchTime="1680117007">
  <File Type="PA-TCL" Name="dma_axis_ip_example_wrapper.tcl"/>
  <File Type="RDS-PROPCONSTRS" Name="dma_axis_ip_example_wrapper_drc_synth.rpt"/>
  <File Type="REPORTS-TCL" Name="dma_axis_ip_example_wrapper_reports.tcl"/>
  <File Type="RDS-RDS" Name="dma_axis_ip_example_wrapper.vds"/>
  <File Type="RDS-UTIL" Name="dma_axis_ip_example_wrapper_utilization_synth.rpt"/>
  <File Type="RDS-UTIL-PB" Name="dma_axis_ip_example_wrapper_utilization_synth.pb"/>
  <File Type="RDS-DCP" Name="dma_axis_ip_example_wrapper.dcp"/>
  <File Type="VDS-TIMINGSUMMARY" Name="dma_axis_ip_example_wrapper_timing_summary_synth.rpt"/>
  <File Type="VDS-TIMING-PB" Name="dma_axis_ip_example_wrapper_timing_summary_synth.pb"/>
  <FileSet Name="sources" Type="DesignSrcs" RelSrcDir="$PSRCDIR/sources_1" RelGenDir="$PGENDIR/sources_1">
    <Filter Type="Srcs"/>
    <File Path="$PSRCDIR/sources_1/bd/dma_axis_ip_example/dma_axis_ip_example.bd">
      <FileInfo>
        <Attr Name="UsedIn" Val="synthesis"/>
        <Attr Name="UsedIn" Val="implementation"/>
        <Attr Name="UsedIn" Val="simulation"/>
      </FileInfo>
    </File>
    <File Path="$PGENDIR/sources_1/bd/dma_axis_ip_example/hdl/dma_axis_ip_example_wrapper.v">
      <FileInfo>
        <Attr Name="UsedIn" Val="synthesis"/>
        <Attr Name="UsedIn" Val="implementation"/>
        <Attr Name="UsedIn" Val="simulation"/>
      </FileInfo>
    </File>
    <Config>
      <Option Name="DesignMode" Val="RTL"/>
      <Option Name="TopModule" Val="dma_axis_ip_example_wrapper"/>
      <Option Name="TopAutoSet" Val="TRUE"/>
    </Config>
  </FileSet>
  <FileSet Name="constrs_in" Type="Constrs" RelSrcDir="$PSRCDIR/constrs_1">
    <Filter Type="Constrs"/>
    <Config>
      <Option Name="ConstrsType" Val="XDC"/>
    </Config>
  </FileSet>
  <FileSet Name="utils" Type="Utils" RelSrcDir="$PSRCDIR/utils_1">
    <Filter Type="Utils"/>
    <Config>
      <Option Name="TopAutoSet" Val="TRUE"/>
    </Config>
  </FileSet>
  <Strategy Version="1" Minor="2">
    <StratHandle Name="Vivado Synthesis Defaults" Flow="Vivado Synthesis 2022"/>
    <Step Id="synth_design"/>
  </Strategy>
  <BlockFileSet Type="BlockSrcs" Name="dma_axis_ip_example_auto_pc_1"/>
  <BlockFileSet Type="BlockSrcs" Name="dma_axis_ip_example_axi_dma_0"/>
  <BlockFileSet Type="BlockSrcs" Name="dma_axis_ip_example_auto_pc_0"/>
  <BlockFileSet Type="BlockSrcs" Name="dma_axis_ip_example_auto_us_0"/>
  <BlockFileSet Type="BlockSrcs" Name="dma_axis_ip_example_rst_ps7_0_100M_0"/>
  <BlockFileSet Type="BlockSrcs" Name="dma_axis_ip_example_encrypt_0_0"/>
  <BlockFileSet Type="BlockSrcs" Name="dma_axis_ip_example_xbar_0"/>
  <BlockFileSet Type="BlockSrcs" Name="dma_axis_ip_example_auto_pc_2"/>
  <BlockFileSet Type="BlockSrcs" Name="dma_axis_ip_example_processing_system7_0_0"/>
</GenRun>
