{
  "Top": "encrypt",
  "RtlTop": "encrypt",
  "RtlPrefix": "",
  "RtlSubPrefix": "encrypt_",
  "SourceLanguage": "cpp",
  "HostMachineBits": "64",
  "FunctionProtocol": "ap_ctrl_hs",
  "ResetStyle": "control",
  "Target": {
    "Family": "zynq",
    "Device": "xc7z010",
    "Package": "-clg400",
    "Speed": "-1",
    "Triple": "fpga64-xilinx-none"
  },
  "Args": {
    "dataIn": {
      "index": "0",
      "direction": "in",
      "srcType": "stream<hls::axis<ap_int<32>, 1, 1, 1>, 0>&",
      "srcSize": "96",
      "hwRefs": [{
          "type": "interface",
          "interface": "dataIn",
          "name": "",
          "usage": "data",
          "direction": "in"
        }]
    },
    "dataOut": {
      "index": "1",
      "direction": "out",
      "srcType": "stream<hls::axis<ap_int<32>, 1, 1, 1>, 0>&",
      "srcSize": "96",
      "hwRefs": [{
          "type": "interface",
          "interface": "dataOut",
          "name": "",
          "usage": "data",
          "direction": "out"
        }]
    }
  },
  "HlsSolution": {
    "FlowTarget": "vivado",
    "ConfigTcl": [
      "config_compile -complex-mul-dsp=0",
      "config_compile -pipeline_loops=0",
      "config_export -format=ip_catalog",
      "config_export -output=C:\/ProjectV2",
      "config_export -rtl=verilog",
      "config_rtl -deadlock_detection=hw"
    ],
    "DirectiveTcl": ["set_directive_top -name encrypt \"encrypt\""],
    "ProfileOption": "0",
    "ProfileType": "none",
    "KernelName": "encrypt"
  },
  "ClockInfo": {
    "ClockName": "ap_clk",
    "ClockPeriod": "10",
    "Uncertainty": "2.7",
    "IsCombinational": "0",
    "II": "undef",
    "Latency": "undef"
  },
  "Xdc": {"OocClocks": ["create_clock -name ap_clk -period 10.000 [get_ports ap_clk]"]},
  "Ipx": {
    "Vendor": "xilinx.com",
    "Library": "hls",
    "Name": "encrypt",
    "Version": "1.0",
    "DisplayName": "Encrypt",
    "Revision": "2112964084",
    "Description": "An IP generated by Vitis HLS",
    "Taxonomy": "\/VITIS_HLS_IP",
    "AutoFamilySupport": "",
    "ZipFile": "xilinx_com_hls_encrypt_1_0.zip"
  },
  "Files": {
    "CSource": ["..\/RSA.cpp"],
    "Vhdl": [
      "impl\/vhdl\/encrypt_control_s_axi.vhd",
      "impl\/vhdl\/encrypt_mul_23ns_23ns_46_1_1.vhd",
      "impl\/vhdl\/encrypt_mul_23ns_64ns_87_5_1.vhd",
      "impl\/vhdl\/encrypt_regslice_both.vhd",
      "impl\/vhdl\/encrypt_urem_46ns_24ns_23_50_seq_1.vhd",
      "impl\/vhdl\/encrypt_urem_64s_24ns_23_68_seq_1.vhd",
      "impl\/vhdl\/encrypt_urem_87ns_24ns_64_91_seq_1.vhd",
      "impl\/vhdl\/encrypt.vhd"
    ],
    "Verilog": [
      "impl\/verilog\/encrypt_control_s_axi.v",
      "impl\/verilog\/encrypt_hls_deadlock_idx0_monitor.v",
      "impl\/verilog\/encrypt_hls_deadlock_kernel_monitor_top.vh",
      "impl\/verilog\/encrypt_mul_23ns_23ns_46_1_1.v",
      "impl\/verilog\/encrypt_mul_23ns_64ns_87_5_1.v",
      "impl\/verilog\/encrypt_regslice_both.v",
      "impl\/verilog\/encrypt_urem_46ns_24ns_23_50_seq_1.v",
      "impl\/verilog\/encrypt_urem_64s_24ns_23_68_seq_1.v",
      "impl\/verilog\/encrypt_urem_87ns_24ns_64_91_seq_1.v",
      "impl\/verilog\/encrypt.v"
    ],
    "SwDriver": [
      "impl\/misc\/drivers\/encrypt_v1_0\/data\/encrypt.mdd",
      "impl\/misc\/drivers\/encrypt_v1_0\/data\/encrypt.tcl",
      "impl\/misc\/drivers\/encrypt_v1_0\/src\/Makefile",
      "impl\/misc\/drivers\/encrypt_v1_0\/src\/xencrypt.c",
      "impl\/misc\/drivers\/encrypt_v1_0\/src\/xencrypt.h",
      "impl\/misc\/drivers\/encrypt_v1_0\/src\/xencrypt_hw.h",
      "impl\/misc\/drivers\/encrypt_v1_0\/src\/xencrypt_linux.c",
      "impl\/misc\/drivers\/encrypt_v1_0\/src\/xencrypt_sinit.c"
    ],
    "IpMisc": ["impl\/misc\/logo.png"],
    "CsynthXml": "syn\/report\/csynth.xml",
    "DebugDir": ".debug",
    "KernelXml": ".autopilot\/db\/kernel.internal.xml",
    "Xo": "",
    "XoHlsDir": "",
    "ProtoInst": [".debug\/encrypt.protoinst"]
  },
  "SubcoreInfo": {
    "HasXpmMemory": false,
    "HasClockedDsp": false,
    "Ip": []
  },
  "Interfaces": {
    "s_axi_control": {
      "type": "axi4lite",
      "busTypeName": "aximm",
      "mode": "slave",
      "dataWidth": "32",
      "addrWidth": "4",
      "portPrefix": "s_axi_control_",
      "paramPrefix": "C_S_AXI_CONTROL_",
      "ports": [
        "s_axi_control_ARADDR",
        "s_axi_control_ARREADY",
        "s_axi_control_ARVALID",
        "s_axi_control_AWADDR",
        "s_axi_control_AWREADY",
        "s_axi_control_AWVALID",
        "s_axi_control_BREADY",
        "s_axi_control_BRESP",
        "s_axi_control_BVALID",
        "s_axi_control_RDATA",
        "s_axi_control_RREADY",
        "s_axi_control_RRESP",
        "s_axi_control_RVALID",
        "s_axi_control_WDATA",
        "s_axi_control_WREADY",
        "s_axi_control_WSTRB",
        "s_axi_control_WVALID"
      ],
      "registers": [
        {
          "offset": "0x00",
          "name": "CTRL",
          "access": "RW",
          "description": "Control signals",
          "range": "32",
          "fields": [
            {
              "offset": "0",
              "width": "1",
              "name": "AP_START",
              "access": "RW",
              "description": "Control signal Register for 'ap_start'."
            },
            {
              "offset": "1",
              "width": "1",
              "name": "AP_DONE",
              "access": "R",
              "description": "Control signal Register for 'ap_done'."
            },
            {
              "offset": "2",
              "width": "1",
              "name": "AP_IDLE",
              "access": "R",
              "description": "Control signal Register for 'ap_idle'."
            },
            {
              "offset": "3",
              "width": "1",
              "name": "AP_READY",
              "access": "R",
              "description": "Control signal Register for 'ap_ready'."
            },
            {
              "offset": "4",
              "width": "3",
              "name": "RESERVED_1",
              "access": "R",
              "description": "Reserved.  0s on read."
            },
            {
              "offset": "7",
              "width": "1",
              "name": "AUTO_RESTART",
              "access": "RW",
              "description": "Control signal Register for 'auto_restart'."
            },
            {
              "offset": "8",
              "width": "1",
              "name": "RESERVED_2",
              "access": "R",
              "description": "Reserved.  0s on read."
            },
            {
              "offset": "9",
              "width": "1",
              "name": "INTERRUPT",
              "access": "R",
              "description": "Control signal Register for 'interrupt'."
            },
            {
              "offset": "10",
              "width": "22",
              "name": "RESERVED_3",
              "access": "R",
              "description": "Reserved.  0s on read."
            }
          ]
        },
        {
          "offset": "0x04",
          "name": "GIER",
          "access": "RW",
          "description": "Global Interrupt Enable Register",
          "range": "32",
          "fields": [
            {
              "offset": "0",
              "width": "1",
              "name": "Enable",
              "access": "RW",
              "description": "Master enable for the device interrupt output to the system interrupt controller: 0 = Disabled, 1 = Enabled"
            },
            {
              "offset": "1",
              "width": "31",
              "name": "RESERVED",
              "access": "R",
              "description": "Reserved.  0s on read."
            }
          ]
        },
        {
          "offset": "0x08",
          "name": "IP_IER",
          "access": "RW",
          "description": "IP Interrupt Enable Register",
          "range": "32",
          "fields": [
            {
              "offset": "0",
              "width": "1",
              "name": "CHAN0_INT_EN",
              "access": "RW",
              "description": "Enable Channel 0 (ap_done) Interrupt.  0 = Disabled, 1 = Enabled."
            },
            {
              "offset": "1",
              "width": "1",
              "name": "CHAN1_INT_EN",
              "access": "RW",
              "description": "Enable Channel 1 (ap_ready) Interrupt.  0 = Disabled, 1 = Enabled."
            },
            {
              "offset": "2",
              "width": "3",
              "name": "RESERVED_0",
              "access": "R",
              "description": "Reserved.  0s on read."
            },
            {
              "offset": "5",
              "width": "1",
              "name": "CHAN2_INT_EN",
              "access": "RW",
              "description": "Enable Channel 2 (ap_local_deadlock) Interrupt.  0 = Disabled, 1 = Enabled."
            },
            {
              "offset": "6",
              "width": "26",
              "name": "RESERVED_1",
              "access": "R",
              "description": "Reserved.  0s on read."
            }
          ]
        },
        {
          "offset": "0x0c",
          "name": "IP_ISR",
          "access": "RW",
          "description": "IP Interrupt Status Register",
          "range": "32",
          "fields": [
            {
              "offset": "0",
              "width": "1",
              "name": "CHAN0_INT_ST",
              "access": "R",
              "description": "Channel 0 (ap_done) Interrupt Status. 0 = No Channel 0 interrupt, 1 = Channel 0 interrupt."
            },
            {
              "offset": "1",
              "width": "1",
              "name": "CHAN1_INT_ST",
              "access": "R",
              "description": "Channel 1 (ap_ready) Interrupt Status. 0 = No Channel 1 interrupt, 1 = Channel 1 interrupt."
            },
            {
              "offset": "2",
              "width": "3",
              "name": "RESERVED_0",
              "access": "R",
              "description": "Reserved.  0s on read."
            },
            {
              "offset": "5",
              "width": "1",
              "name": "CHAN2_INT_ST",
              "access": "R",
              "description": "Channel 2 (ap_local_deadlock) Interrupt Status. 0 = No Channel 2 interrupt, 1 = Channel 2 interrupt."
            },
            {
              "offset": "6",
              "width": "26",
              "name": "RESERVED_1",
              "access": "R",
              "description": "Reserved.  0s on read."
            }
          ]
        }
      ]
    },
    "ap_clk": {
      "type": "clock",
      "busTypeName": "clock",
      "mode": "slave",
      "busParams": {
        "ASSOCIATED_BUSIF": "s_axi_control:dataIn:dataOut",
        "ASSOCIATED_RESET": "ap_rst_n"
      },
      "portMap": {"ap_clk": "CLK"},
      "ports": ["ap_clk"]
    },
    "ap_rst_n": {
      "type": "reset",
      "busTypeName": "reset",
      "mode": "slave",
      "busParams": {"POLARITY": "ACTIVE_LOW"},
      "portMap": {"ap_rst_n": "RST"},
      "ports": ["ap_rst_n"]
    },
    "interrupt": {
      "type": "interrupt",
      "busTypeName": "interrupt",
      "mode": "master",
      "dataWidth": "1",
      "busParams": {"SENSITIVITY": "LEVEL_HIGH"},
      "portMap": {"interrupt": "INTERRUPT"},
      "ports": ["interrupt"]
    },
    "dataIn": {
      "type": "axi4stream",
      "busTypeName": "axis",
      "mode": "slave",
      "dataWidth": "32",
      "portPrefix": "dataIn_",
      "ports": [
        "dataIn_TDATA",
        "dataIn_TDEST",
        "dataIn_TID",
        "dataIn_TKEEP",
        "dataIn_TLAST",
        "dataIn_TREADY",
        "dataIn_TSTRB",
        "dataIn_TUSER",
        "dataIn_TVALID"
      ],
      "constraints": [{
          "constraint_type": "pragma interface",
          "mode": "axis",
          "register_option": "0",
          "register_mode": "both",
          "argName": "dataIn"
        }]
    },
    "dataOut": {
      "type": "axi4stream",
      "busTypeName": "axis",
      "mode": "master",
      "dataWidth": "32",
      "portPrefix": "dataOut_",
      "ports": [
        "dataOut_TDATA",
        "dataOut_TDEST",
        "dataOut_TID",
        "dataOut_TKEEP",
        "dataOut_TLAST",
        "dataOut_TREADY",
        "dataOut_TSTRB",
        "dataOut_TUSER",
        "dataOut_TVALID"
      ],
      "constraints": [{
          "constraint_type": "pragma interface",
          "mode": "axis",
          "register_option": "0",
          "register_mode": "both",
          "argName": "dataOut"
        }]
    }
  },
  "RtlPorts": {
    "s_axi_control_AWVALID": {
      "dir": "in",
      "width": "1"
    },
    "s_axi_control_AWREADY": {
      "dir": "out",
      "width": "1"
    },
    "s_axi_control_AWADDR": {
      "dir": "in",
      "width": "4"
    },
    "s_axi_control_WVALID": {
      "dir": "in",
      "width": "1"
    },
    "s_axi_control_WREADY": {
      "dir": "out",
      "width": "1"
    },
    "s_axi_control_WDATA": {
      "dir": "in",
      "width": "32"
    },
    "s_axi_control_WSTRB": {
      "dir": "in",
      "width": "4"
    },
    "s_axi_control_ARVALID": {
      "dir": "in",
      "width": "1"
    },
    "s_axi_control_ARREADY": {
      "dir": "out",
      "width": "1"
    },
    "s_axi_control_ARADDR": {
      "dir": "in",
      "width": "4"
    },
    "s_axi_control_RVALID": {
      "dir": "out",
      "width": "1"
    },
    "s_axi_control_RREADY": {
      "dir": "in",
      "width": "1"
    },
    "s_axi_control_RDATA": {
      "dir": "out",
      "width": "32"
    },
    "s_axi_control_RRESP": {
      "dir": "out",
      "width": "2"
    },
    "s_axi_control_BVALID": {
      "dir": "out",
      "width": "1"
    },
    "s_axi_control_BREADY": {
      "dir": "in",
      "width": "1"
    },
    "s_axi_control_BRESP": {
      "dir": "out",
      "width": "2"
    },
    "ap_local_block": {
      "dir": "out",
      "width": "1",
      "isVector": "true"
    },
    "ap_clk": {
      "dir": "in",
      "width": "1"
    },
    "ap_rst_n": {
      "dir": "in",
      "width": "1"
    },
    "interrupt": {
      "dir": "out",
      "width": "1"
    },
    "dataIn_TDATA": {
      "dir": "in",
      "width": "32"
    },
    "dataIn_TVALID": {
      "dir": "in",
      "width": "1"
    },
    "dataIn_TREADY": {
      "dir": "out",
      "width": "1"
    },
    "dataIn_TDEST": {
      "dir": "in",
      "width": "1",
      "isVector": "true"
    },
    "dataIn_TKEEP": {
      "dir": "in",
      "width": "4"
    },
    "dataIn_TSTRB": {
      "dir": "in",
      "width": "4"
    },
    "dataIn_TUSER": {
      "dir": "in",
      "width": "1",
      "isVector": "true"
    },
    "dataIn_TLAST": {
      "dir": "in",
      "width": "1",
      "isVector": "true"
    },
    "dataIn_TID": {
      "dir": "in",
      "width": "1",
      "isVector": "true"
    },
    "dataOut_TDATA": {
      "dir": "out",
      "width": "32"
    },
    "dataOut_TVALID": {
      "dir": "out",
      "width": "1"
    },
    "dataOut_TREADY": {
      "dir": "in",
      "width": "1"
    },
    "dataOut_TDEST": {
      "dir": "out",
      "width": "1",
      "isVector": "true"
    },
    "dataOut_TKEEP": {
      "dir": "out",
      "width": "4"
    },
    "dataOut_TSTRB": {
      "dir": "out",
      "width": "4"
    },
    "dataOut_TUSER": {
      "dir": "out",
      "width": "1",
      "isVector": "true"
    },
    "dataOut_TLAST": {
      "dir": "out",
      "width": "1",
      "isVector": "true"
    },
    "dataOut_TID": {
      "dir": "out",
      "width": "1",
      "isVector": "true"
    }
  },
  "ModuleInfo": {
    "Hierarchy": {"ModuleName": "encrypt"},
    "Info": {"encrypt": {
        "FunctionProtocol": "ap_ctrl_hs",
        "isTaskLevelControl": "0",
        "isPipelined": "0",
        "isCombinational": "0",
        "isOneStateSeq": "0"
      }},
    "Metrics": {"encrypt": {
        "Latency": {
          "LatencyBest": "",
          "LatencyAvg": "",
          "LatencyWorst": "",
          "PipelineII": "",
          "PipelineDepth": "",
          "PipelineType": "no"
        },
        "Timing": {
          "Target": "10.00",
          "Uncertainty": "2.70",
          "Estimate": "6.978"
        },
        "Loops": [{
            "Name": "VITIS_LOOP_153_1",
            "TripCount": "",
            "Latency": "",
            "PipelineII": "",
            "PipelineDepthMin": "954",
            "PipelineDepthMax": "2552",
            "PipelineDepth": "954 ~ 2552",
            "Loops": [{
                "Name": "VITIS_LOOP_166_2",
                "TripCount": "17",
                "LatencyMin": "884",
                "LatencyMax": "2482",
                "Latency": "884 ~ 2482",
                "PipelineII": "",
                "PipelineDepthMin": "52",
                "PipelineDepthMax": "146",
                "PipelineDepth": "52 ~ 146"
              }]
          }],
        "Area": {
          "BRAM_18K": "0",
          "AVAIL_BRAM": "120",
          "UTIL_BRAM": "0",
          "DSP": "4",
          "AVAIL_DSP": "80",
          "UTIL_DSP": "5",
          "FF": "3173",
          "AVAIL_FF": "35200",
          "UTIL_FF": "9",
          "LUT": "2832",
          "AVAIL_LUT": "17600",
          "UTIL_LUT": "16",
          "URAM": "0",
          "AVAIL_URAM": "0",
          "UTIL_URAM": "0"
        }
      }}
  },
  "GenerateBdFiles": "0",
  "GenData": {
    "DataVersion": "0.2",
    "Time": "2023-03-29 15:04:09 -0400",
    "ToolName": "vitis_hls",
    "ToolVersion": "2022.1"
  }
}
