<?xml version="1.0" encoding="UTF-8"?>
<GenRun Id="impl_1" LaunchPart="xc7z020clg400-1" LaunchTime="1680117008">
  <File Type="ROUTE-PWR" Name="dma_axis_ip_example_wrapper_power_routed.rpt"/>
  <File Type="PA-TCL" Name="dma_axis_ip_example_wrapper.tcl"/>
  <File Type="BITSTR-MMI" Name="dma_axis_ip_example_wrapper.mmi"/>
  <File Type="OPT-METHODOLOGY-DRC" Name="dma_axis_ip_example_wrapper_methodology_drc_opted.rpt"/>
  <File Type="INIT-TIMING" Name="dma_axis_ip_example_wrapper_timing_summary_init.rpt"/>
  <File Type="ROUTE-PWR-SUM" Name="dma_axis_ip_example_wrapper_power_summary_routed.pb"/>
  <File Type="REPORTS-TCL" Name="dma_axis_ip_example_wrapper_reports.tcl"/>
  <File Type="OPT-TIMING" Name="dma_axis_ip_example_wrapper_timing_summary_opted.rpt"/>
  <File Type="OPT-DCP" Name="dma_axis_ip_example_wrapper_opt.dcp"/>
  <File Type="OPT-DRC" Name="dma_axis_ip_example_wrapper_drc_opted.rpt"/>
  <File Type="OPT-HWDEF" Name="dma_axis_ip_example_wrapper.hwdef"/>
  <File Type="PWROPT-DCP" Name="dma_axis_ip_example_wrapper_pwropt.dcp"/>
  <File Type="PWROPT-DRC" Name="dma_axis_ip_example_wrapper_drc_pwropted.rpt"/>
  <File Type="PWROPT-TIMING" Name="dma_axis_ip_example_wrapper_timing_summary_pwropted.rpt"/>
  <File Type="PLACE-DCP" Name="dma_axis_ip_example_wrapper_placed.dcp"/>
  <File Type="PLACE-IO" Name="dma_axis_ip_example_wrapper_io_placed.rpt"/>
  <File Type="PLACE-CLK" Name="dma_axis_ip_example_wrapper_clock_utilization_placed.rpt"/>
  <File Type="PLACE-UTIL" Name="dma_axis_ip_example_wrapper_utilization_placed.rpt"/>
  <File Type="PLACE-UTIL-PB" Name="dma_axis_ip_example_wrapper_utilization_placed.pb"/>
  <File Type="PLACE-CTRL" Name="dma_axis_ip_example_wrapper_control_sets_placed.rpt"/>
  <File Type="PLACE-SIMILARITY" Name="dma_axis_ip_example_wrapper_incremental_reuse_placed.rpt"/>
  <File Type="PLACE-PRE-SIMILARITY" Name="dma_axis_ip_example_wrapper_incremental_reuse_pre_placed.rpt"/>
  <File Type="BG-BIN" Name="dma_axis_ip_example_wrapper.bin"/>
  <File Type="PLACE-TIMING" Name="dma_axis_ip_example_wrapper_timing_summary_placed.rpt"/>
  <File Type="POSTPLACE-PWROPT-DCP" Name="dma_axis_ip_example_wrapper_postplace_pwropt.dcp"/>
  <File Type="BITSTR-MSK" Name="dma_axis_ip_example_wrapper.msk"/>
  <File Type="POSTPLACE-PWROPT-TIMING" Name="dma_axis_ip_example_wrapper_timing_summary_postplace_pwropted.rpt"/>
  <File Type="PHYSOPT-DCP" Name="dma_axis_ip_example_wrapper_physopt.dcp"/>
  <File Type="PHYSOPT-DRC" Name="dma_axis_ip_example_wrapper_drc_physopted.rpt"/>
  <File Type="BITSTR-RBT" Name="dma_axis_ip_example_wrapper.rbt"/>
  <File Type="PHYSOPT-TIMING" Name="dma_axis_ip_example_wrapper_timing_summary_physopted.rpt"/>
  <File Type="ROUTE-ERROR-DCP" Name="dma_axis_ip_example_wrapper_routed_error.dcp"/>
  <File Type="ROUTE-DCP" Name="dma_axis_ip_example_wrapper_routed.dcp"/>
  <File Type="ROUTE-BLACKBOX-DCP" Name="dma_axis_ip_example_wrapper_routed_bb.dcp"/>
  <File Type="ROUTE-DRC" Name="dma_axis_ip_example_wrapper_drc_routed.rpt"/>
  <File Type="ROUTE-DRC-PB" Name="dma_axis_ip_example_wrapper_drc_routed.pb"/>
  <File Type="ROUTE-DRC-RPX" Name="dma_axis_ip_example_wrapper_drc_routed.rpx"/>
  <File Type="ROUTE-METHODOLOGY-DRC" Name="dma_axis_ip_example_wrapper_methodology_drc_routed.rpt"/>
  <File Type="ROUTE-METHODOLOGY-DRC-RPX" Name="dma_axis_ip_example_wrapper_methodology_drc_routed.rpx"/>
  <File Type="ROUTE-METHODOLOGY-DRC-PB" Name="dma_axis_ip_example_wrapper_methodology_drc_routed.pb"/>
  <File Type="ROUTE-PWR-RPX" Name="dma_axis_ip_example_wrapper_power_routed.rpx"/>
  <File Type="ROUTE-STATUS" Name="dma_axis_ip_example_wrapper_route_status.rpt"/>
  <File Type="ROUTE-STATUS-PB" Name="dma_axis_ip_example_wrapper_route_status.pb"/>
  <File Type="ROUTE-TIMINGSUMMARY" Name="dma_axis_ip_example_wrapper_timing_summary_routed.rpt"/>
  <File Type="ROUTE-TIMING-PB" Name="dma_axis_ip_example_wrapper_timing_summary_routed.pb"/>
  <File Type="ROUTE-TIMING-RPX" Name="dma_axis_ip_example_wrapper_timing_summary_routed.rpx"/>
  <File Type="ROUTE-SIMILARITY" Name="dma_axis_ip_example_wrapper_incremental_reuse_routed.rpt"/>
  <File Type="ROUTE-CLK" Name="dma_axis_ip_example_wrapper_clock_utilization_routed.rpt"/>
  <File Type="ROUTE-BUS-SKEW" Name="dma_axis_ip_example_wrapper_bus_skew_routed.rpt"/>
  <File Type="ROUTE-BUS-SKEW-PB" Name="dma_axis_ip_example_wrapper_bus_skew_routed.pb"/>
  <File Type="ROUTE-BUS-SKEW-RPX" Name="dma_axis_ip_example_wrapper_bus_skew_routed.rpx"/>
  <File Type="POSTROUTE-PHYSOPT-DCP" Name="dma_axis_ip_example_wrapper_postroute_physopt.dcp"/>
  <File Type="POSTROUTE-PHYSOPT-BLACKBOX-DCP" Name="dma_axis_ip_example_wrapper_postroute_physopt_bb.dcp"/>
  <File Type="POSTROUTE-PHYSOPT-TIMING" Name="dma_axis_ip_example_wrapper_timing_summary_postroute_physopted.rpt"/>
  <File Type="POSTROUTE-PHYSOPT-TIMING-PB" Name="dma_axis_ip_example_wrapper_timing_summary_postroute_physopted.pb"/>
  <File Type="POSTROUTE-PHYSOPT-TIMING-RPX" Name="dma_axis_ip_example_wrapper_timing_summary_postroute_physopted.rpx"/>
  <File Type="POSTROUTE-PHYSOPT-BUS-SKEW" Name="dma_axis_ip_example_wrapper_bus_skew_postroute_physopted.rpt"/>
  <File Type="BG-BIT" Name="dma_axis_ip_example_wrapper.bit"/>
  <File Type="POSTROUTE-PHYSOPT-BUS-SKEW-PB" Name="dma_axis_ip_example_wrapper_bus_skew_postroute_physopted.pb"/>
  <File Type="POSTROUTE-PHYSOPT-BUS-SKEW-RPX" Name="dma_axis_ip_example_wrapper_bus_skew_postroute_physopted.rpx"/>
  <File Type="BITSTR-NKY" Name="dma_axis_ip_example_wrapper.nky"/>
  <File Type="BITSTR-BMM" Name="dma_axis_ip_example_wrapper_bd.bmm"/>
  <File Type="PDI-FILE" Name="dma_axis_ip_example_wrapper.pdi"/>
  <File Type="RCFI_FILE" Name="dma_axis_ip_example_wrapper.rcfi"/>
  <File Type="CFI_FILE" Name="dma_axis_ip_example_wrapper.cfi"/>
  <File Type="RNPI_FILE" Name="dma_axis_ip_example_wrapper.rnpi"/>
  <File Type="NPI_FILE" Name="dma_axis_ip_example_wrapper.npi"/>
  <File Type="RBD_FILE" Name="dma_axis_ip_example_wrapper.rbd"/>
  <File Type="BITSTR-LTX" Name="debug_nets.ltx"/>
  <File Type="BITSTR-LTX" Name="dma_axis_ip_example_wrapper.ltx"/>
  <File Type="BITSTR-SYSDEF" Name="dma_axis_ip_example_wrapper.sysdef"/>
  <File Type="BG-BGN" Name="dma_axis_ip_example_wrapper.bgn"/>
  <File Type="BG-DRC" Name="dma_axis_ip_example_wrapper.drc"/>
  <File Type="RDI-RDI" Name="dma_axis_ip_example_wrapper.vdi"/>
  <File Type="WBT-USG" Name="usage_statistics_webtalk.html"/>
  <File Type="ROUTE-RQS" Name="dma_axis_ip_example_wrapper_routed.rqs"/>
  <File Type="POSTROUTE-PHYSOPT-RQS" Name="dma_axis_ip_example_wrapper_postroute_physopted.rqs"/>
  <File Type="ROUTE-RQS-RPT" Name="route_report_qor_suggestions_0.rpt"/>
  <File Type="POSTROUTE-PHYSOPT-RQS-RPT" Name="postroute_physopt_report_qor_suggestions_0.rpt"/>
  <FileSet Name="sources" Type="DesignSrcs" RelSrcDir="$PSRCDIR/sources_1" RelGenDir="$PGENDIR/sources_1">
    <Filter Type="Srcs"/>
    <File Path="$PSRCDIR/sources_1/bd/dma_axis_ip_example/dma_axis_ip_example.bd">
      <FileInfo>
        <Attr Name="UsedIn" Val="synthesis"/>
        <Attr Name="UsedIn" Val="implementation"/>
        <Attr Name="UsedIn" Val="simulation"/>
      </FileInfo>
    </File>
    <File Path="$PGENDIR/sources_1/bd/dma_axis_ip_example/hdl/dma_axis_ip_example_wrapper.v">
      <FileInfo>
        <Attr Name="UsedIn" Val="synthesis"/>
        <Attr Name="UsedIn" Val="implementation"/>
        <Attr Name="UsedIn" Val="simulation"/>
      </FileInfo>
    </File>
    <Config>
      <Option Name="DesignMode" Val="RTL"/>
      <Option Name="TopModule" Val="dma_axis_ip_example_wrapper"/>
      <Option Name="TopAutoSet" Val="TRUE"/>
    </Config>
  </FileSet>
  <FileSet Name="constrs_in" Type="Constrs" RelSrcDir="$PSRCDIR/constrs_1">
    <Filter Type="Constrs"/>
    <Config>
      <Option Name="ConstrsType" Val="XDC"/>
    </Config>
  </FileSet>
  <FileSet Name="utils" Type="Utils" RelSrcDir="$PSRCDIR/utils_1">
    <Filter Type="Utils"/>
    <Config>
      <Option Name="TopAutoSet" Val="TRUE"/>
    </Config>
  </FileSet>
  <Strategy Version="1" Minor="2">
    <StratHandle Name="Vivado Implementation Defaults" Flow="Vivado Implementation 2022"/>
    <Step Id="init_design"/>
    <Step Id="opt_design"/>
    <Step Id="power_opt_design"/>
    <Step Id="place_design"/>
    <Step Id="post_place_power_opt_design"/>
    <Step Id="phys_opt_design"/>
    <Step Id="route_design"/>
    <Step Id="post_route_phys_opt_design"/>
    <Step Id="write_bitstream"/>
  </Strategy>
  <BlockFileSet Type="BlockSrcs" Name="dma_axis_ip_example_auto_pc_1"/>
  <BlockFileSet Type="BlockSrcs" Name="dma_axis_ip_example_axi_dma_0"/>
  <BlockFileSet Type="BlockSrcs" Name="dma_axis_ip_example_auto_pc_0"/>
  <BlockFileSet Type="BlockSrcs" Name="dma_axis_ip_example_auto_us_0"/>
  <BlockFileSet Type="BlockSrcs" Name="dma_axis_ip_example_rst_ps7_0_100M_0"/>
  <BlockFileSet Type="BlockSrcs" Name="dma_axis_ip_example_encrypt_0_0"/>
  <BlockFileSet Type="BlockSrcs" Name="dma_axis_ip_example_xbar_0"/>
  <BlockFileSet Type="BlockSrcs" Name="dma_axis_ip_example_auto_pc_2"/>
  <BlockFileSet Type="BlockSrcs" Name="dma_axis_ip_example_processing_system7_0_0"/>
</GenRun>
