<?xml version="1.0" encoding="utf-8"?>
<AdditionalInfo>
  <CTypeInfo>
      <RtlPort>
        <name>dataIn_TDATA</name>
        <type>Signed</type>
        <fractionWidth>0</fractionWidth>
      </RtlPort>
      <RtlPort>
        <name>dataIn_TDEST</name>
        <type>Signed</type>
        <fractionWidth>0</fractionWidth>
      </RtlPort>
      <RtlPort>
        <name>dataIn_TID</name>
        <type>Signed</type>
        <fractionWidth>0</fractionWidth>
      </RtlPort>
      <RtlPort>
        <name>dataIn_TKEEP</name>
        <type>Signed</type>
        <fractionWidth>0</fractionWidth>
      </RtlPort>
      <RtlPort>
        <name>dataIn_TLAST</name>
        <type>Signed</type>
        <fractionWidth>0</fractionWidth>
      </RtlPort>
      <RtlPort>
        <name>dataIn_TREADY</name>
        <type>Signed</type>
        <fractionWidth>0</fractionWidth>
      </RtlPort>
      <RtlPort>
        <name>dataIn_TSTRB</name>
        <type>Signed</type>
        <fractionWidth>0</fractionWidth>
      </RtlPort>
      <RtlPort>
        <name>dataIn_TUSER</name>
        <type>Signed</type>
        <fractionWidth>0</fractionWidth>
      </RtlPort>
      <RtlPort>
        <name>dataIn_TVALID</name>
        <type>Signed</type>
        <fractionWidth>0</fractionWidth>
      </RtlPort>
      <RtlPort>
        <name>dataOut_TDATA</name>
        <type>Signed</type>
        <fractionWidth>0</fractionWidth>
      </RtlPort>
      <RtlPort>
        <name>dataOut_TDEST</name>
        <type>Signed</type>
        <fractionWidth>0</fractionWidth>
      </RtlPort>
      <RtlPort>
        <name>dataOut_TID</name>
        <type>Signed</type>
        <fractionWidth>0</fractionWidth>
      </RtlPort>
      <RtlPort>
        <name>dataOut_TKEEP</name>
        <type>Signed</type>
        <fractionWidth>0</fractionWidth>
      </RtlPort>
      <RtlPort>
        <name>dataOut_TLAST</name>
        <type>Signed</type>
        <fractionWidth>0</fractionWidth>
      </RtlPort>
      <RtlPort>
        <name>dataOut_TREADY</name>
        <type>Signed</type>
        <fractionWidth>0</fractionWidth>
      </RtlPort>
      <RtlPort>
        <name>dataOut_TSTRB</name>
        <type>Signed</type>
        <fractionWidth>0</fractionWidth>
      </RtlPort>
      <RtlPort>
        <name>dataOut_TUSER</name>
        <type>Signed</type>
        <fractionWidth>0</fractionWidth>
      </RtlPort>
      <RtlPort>
        <name>dataOut_TVALID</name>
        <type>Signed</type>
        <fractionWidth>0</fractionWidth>
      </RtlPort>
  </CTypeInfo>
  <DesignConstraint>
    <clk_period>10</clk_period>
  </DesignConstraint>
  <Machine>64</Machine>
  <modelParameters>
    <combinational>0</combinational>
    <latency>undef</latency>
    <II>undef</II>
  </modelParameters>
</AdditionalInfo>
