<?xml version="1.0" encoding="UTF-8"?>
<GenRun Id="dma_axis_ip_example_auto_pc_1_synth_1" LaunchPart="xc7z020clg400-1" LaunchTime="1680117005">
  <File Type="PA-TCL" Name="dma_axis_ip_example_auto_pc_1.tcl"/>
  <File Type="RDS-PROPCONSTRS" Name="dma_axis_ip_example_auto_pc_1_drc_synth.rpt"/>
  <File Type="REPORTS-TCL" Name="dma_axis_ip_example_auto_pc_1_reports.tcl"/>
  <File Type="RDS-RDS" Name="dma_axis_ip_example_auto_pc_1.vds"/>
  <File Type="RDS-UTIL" Name="dma_axis_ip_example_auto_pc_1_utilization_synth.rpt"/>
  <File Type="RDS-UTIL-PB" Name="dma_axis_ip_example_auto_pc_1_utilization_synth.pb"/>
  <File Type="RDS-DCP" Name="dma_axis_ip_example_auto_pc_1.dcp"/>
  <File Type="VDS-TIMINGSUMMARY" Name="dma_axis_ip_example_auto_pc_1_timing_summary_synth.rpt"/>
  <File Type="VDS-TIMING-PB" Name="dma_axis_ip_example_auto_pc_1_timing_summary_synth.pb"/>
  <FileSet Name="sources" Type="BlockSrcs" RelSrcDir="$PSRCDIR/dma_axis_ip_example_auto_pc_1">
    <File Path="$PSRCDIR/sources_1/bd/dma_axis_ip_example/ip/dma_axis_ip_example_auto_pc_1/dma_axis_ip_example_auto_pc_1.xci">
      <FileInfo>
        <Attr Name="Library" Val="xil_defaultlib"/>
        <Attr Name="UsedIn" Val="synthesis"/>
        <Attr Name="UsedIn" Val="implementation"/>
        <Attr Name="UsedIn" Val="simulation"/>
      </FileInfo>
    </File>
    <Config>
      <Option Name="TopModule" Val="dma_axis_ip_example_auto_pc_1"/>
      <Option Name="UseBlackboxStub" Val="1"/>
    </Config>
  </FileSet>
  <FileSet Name="constrs_in" Type="BlockSrcs" RelSrcDir="$PSRCDIR/dma_axis_ip_example_auto_pc_1">
    <File Path="$PSRCDIR/sources_1/bd/dma_axis_ip_example/ip/dma_axis_ip_example_auto_pc_1/dma_axis_ip_example_auto_pc_1.xci">
      <FileInfo>
        <Attr Name="Library" Val="xil_defaultlib"/>
        <Attr Name="UsedIn" Val="synthesis"/>
        <Attr Name="UsedIn" Val="implementation"/>
        <Attr Name="UsedIn" Val="simulation"/>
      </FileInfo>
    </File>
    <Config>
      <Option Name="TopModule" Val="dma_axis_ip_example_auto_pc_1"/>
      <Option Name="UseBlackboxStub" Val="1"/>
    </Config>
  </FileSet>
  <FileSet Name="utils" Type="Utils" RelSrcDir="$PSRCDIR/utils_1">
    <Filter Type="Utils"/>
    <Config>
      <Option Name="TopAutoSet" Val="TRUE"/>
    </Config>
  </FileSet>
  <Strategy Version="1" Minor="2">
    <StratHandle Name="Vivado Synthesis Defaults" Flow="Vivado Synthesis 2022"/>
    <Step Id="synth_design"/>
  </Strategy>
</GenRun>
